EmployeeID,ProjectID,Role,HoursWorked
1,899,Manager,34
1,952,Auditor,111
2,555,Analyst,13
2,284,Developer,80
3,667,Auditor,167
3,732,Analyst,89
3,844,Auditor,194
3,270,Tester,33
4,430,Tester,17
4,844,Tester,131
4,402,Tester,70
4,971,Manager,87
5,161,Auditor,176
5,73,Analyst,116
5,513,Tester,76
5,875,Developer,87
6,720,Tester,187
6,774,Auditor,188
7,960,Manager,151
7,267,Tester,24
7,111,Tester,75
7,152,Auditor,158
7,271,Developer,161
8,203,Auditor,37
8,77,Manager,67
8,760,Analyst,195
9,117,Auditor,182
10,88,Manager,33
10,958,Developer,92
11,757,Analyst,136
11,363,Tester,78
11,674,Developer,79
12,457,Manager,65
12,832,Tester,151
12,720,Analyst,169
12,754,Auditor,82
13,86,Auditor,147
13,49,Tester,125
13,538,Manager,128
13,622,Auditor,129
13,557,Analyst,179
14,416,Tester,34
14,867,Developer,104
14,875,Developer,198
15,761,Manager,48
15,222,Auditor,119
15,72,Manager,157
15,236,Analyst,26
16,40,Tester,69
16,645,Manager,119
16,225,Tester,180
16,895,Tester,108
16,430,Auditor,184
17,702,Analyst,10
17,539,Tester,165
17,412,Developer,13
17,485,Manager,54
17,811,Auditor,63
18,379,Tester,83
18,37,Developer,64
18,793,Analyst,193
19,97,Analyst,70
19,886,Tester,146
20,482,Auditor,171
21,214,Analyst,163
21,336,Auditor,146
21,980,Manager,88
21,467,Tester,67
22,681,Tester,27
22,339,Auditor,185
22,975,Auditor,173
22,716,Developer,134
22,330,Auditor,85
23,227,Manager,85
23,339,Tester,190
23,211,Developer,42
23,358,Tester,76
24,965,Manager,38
24,763,Manager,80
24,261,Auditor,149
24,829,Manager,82
24,711,Manager,61
25,642,Tester,94
25,550,Developer,129
25,204,Developer,30
25,760,Tester,103
26,148,Manager,157
26,106,Manager,118
26,921,Auditor,134
26,656,Tester,86
27,408,Manager,90
27,782,Tester,172
27,901,Auditor,143
27,453,Auditor,51
27,846,Manager,175
28,375,Analyst,100
28,59,Auditor,49
28,327,Manager,76
28,757,Manager,52
29,598,Auditor,188
29,608,Analyst,95
29,169,Manager,24
29,734,Analyst,197
30,363,Tester,80
31,44,Analyst,156
31,683,Auditor,131
31,284,Tester,125
32,918,Manager,172
32,435,Auditor,29
32,724,Tester,71
32,304,Analyst,48
33,400,Developer,130
34,659,Developer,134
34,554,Developer,147
34,778,Analyst,105
34,390,Developer,57
35,36,Manager,196
35,81,Developer,193
35,545,Developer,34
36,183,Developer,87
36,689,Manager,21
36,323,Tester,65
37,983,Tester,18
38,451,Developer,130
38,816,Auditor,66
38,998,Developer,195
39,368,Auditor,55
39,803,Tester,176
39,944,Manager,80
39,704,Auditor,49
40,670,Developer,84
40,724,Analyst,11
40,413,Analyst,77
40,845,Tester,153
41,79,Auditor,171
41,657,Analyst,168
41,693,Auditor,26
42,155,Tester,172
43,592,Analyst,93
44,215,Developer,44
45,439,Developer,164
45,937,Analyst,195
45,136,Auditor,156
45,244,Developer,18
46,654,Auditor,191
46,274,Analyst,65
46,618,Manager,95
46,519,Auditor,23
47,521,Manager,159
48,769,Manager,76
48,636,Tester,51
48,845,Auditor,97
48,361,Tester,98
49,643,Developer,33
50,971,Manager,171
50,975,Auditor,159
50,52,Manager,101
50,438,Tester,166
51,204,Developer,170
51,410,Auditor,39
52,94,Analyst,115
52,605,Developer,121
53,552,Auditor,200
53,71,Analyst,191
53,819,Tester,152
54,380,Developer,109
54,736,Manager,116
55,510,Analyst,192
55,838,Developer,31
55,444,Tester,140
56,882,Analyst,80
56,269,Analyst,48
56,425,Tester,124
56,591,Manager,119
56,261,Auditor,133
57,94,Developer,66
57,7,Auditor,75
58,714,Tester,10
59,496,Analyst,196
59,244,Analyst,141
59,831,Manager,115
60,892,Tester,158
61,86,Analyst,130
62,798,Manager,195
63,838,Developer,182
63,722,Analyst,189
64,101,Tester,127
65,294,Developer,67
65,336,Analyst,93
65,162,Analyst,10
65,223,Developer,102
65,231,Analyst,197
66,291,Developer,43
66,659,Developer,74
66,957,Auditor,94
66,236,Tester,67
66,36,Manager,60
67,692,Analyst,78
68,108,Developer,188
68,884,Manager,56
68,764,Analyst,180
69,172,Analyst,23
69,960,Tester,110
69,600,Analyst,116
70,171,Tester,105
70,966,Developer,105
70,384,Manager,142
70,39,Auditor,183
70,149,Auditor,35
71,679,Tester,13
72,196,Developer,138
72,674,Analyst,99
72,990,Developer,191
72,429,Auditor,93
73,275,Manager,11
74,792,Developer,115
74,612,Developer,45
75,588,Auditor,68
76,496,Analyst,52
76,607,Manager,143
77,673,Developer,90
77,579,Manager,104
78,117,Analyst,132
78,266,Auditor,124
79,283,Analyst,115
79,956,Tester,163
79,300,Manager,82
80,299,Tester,101
80,975,Developer,96
80,61,Auditor,192
80,716,Developer,105
80,879,Auditor,178
81,487,Manager,64
81,581,Tester,78
81,236,Auditor,84
81,705,Analyst,99
81,55,Developer,144
82,274,Developer,105
82,278,Tester,23
82,949,Developer,32
82,820,Developer,199
83,663,Tester,141
84,509,Auditor,32
84,271,Developer,152
85,925,Manager,162
85,886,Manager,123
85,801,Analyst,73
85,269,Tester,100
85,670,Auditor,55
86,693,Developer,125
86,385,Manager,197
86,902,Tester,36
86,498,Analyst,128
86,179,Tester,113
87,906,Tester,178
87,960,Developer,95
88,455,Analyst,123
89,120,Tester,82
89,970,Tester,84
89,465,Tester,64
89,777,Manager,102
89,365,Tester,186
90,520,Developer,150
90,66,Analyst,156
90,770,Analyst,94
90,863,Analyst,86
91,58,Manager,91
92,926,Developer,135
92,837,Analyst,44
92,185,Developer,193
92,326,Manager,149
93,178,Analyst,99
93,72,Manager,92
93,98,Analyst,164
93,74,Analyst,67
94,485,Tester,139
95,779,Developer,124
96,207,Auditor,156
96,460,Auditor,176
96,693,Developer,130
96,565,Manager,117
96,743,Manager,30
97,55,Manager,116
97,126,Auditor,168
97,752,Analyst,83
97,928,Developer,74
97,687,Analyst,51
98,644,Tester,79
99,876,Tester,89
99,484,Manager,156
99,516,Developer,105
99,152,Auditor,87
99,189,Tester,160
100,710,Developer,200
100,624,Developer,18
101,86,Auditor,32
101,647,Tester,15
101,842,Tester,178
101,315,Tester,192
102,504,Auditor,133
102,63,Tester,160
102,858,Tester,143
102,156,Manager,97
102,296,Analyst,38
103,648,Tester,80
103,342,Auditor,34
103,381,Analyst,106
104,895,Developer,104
104,500,Manager,82
104,887,Analyst,34
104,626,Tester,26
105,93,Analyst,135
105,573,Developer,178
105,867,Developer,73
105,909,Developer,104
105,287,Developer,58
106,238,Manager,168
107,536,Developer,70
108,780,Manager,138
108,831,Developer,69
109,304,Developer,38
109,504,Developer,174
110,843,Tester,159
110,74,Auditor,134
110,607,Tester,48
111,744,Manager,141
112,670,Developer,94
112,16,Developer,70
112,867,Auditor,199
113,377,Manager,82
113,292,Analyst,113
114,677,Tester,13
114,504,Auditor,144
114,11,Developer,141
114,64,Developer,21
114,212,Developer,126
115,22,Developer,130
116,728,Developer,173
116,284,Analyst,45
116,822,Tester,124
116,735,Auditor,100
116,469,Manager,121
117,809,Developer,115
117,356,Developer,111
117,260,Developer,14
118,480,Auditor,41
118,898,Developer,10
118,918,Auditor,114
118,530,Tester,30
119,512,Tester,189
120,799,Manager,143
121,725,Manager,102
121,802,Tester,77
122,416,Auditor,79
122,7,Tester,179
123,22,Tester,39
123,425,Tester,155
123,565,Developer,59
124,84,Auditor,17
124,159,Tester,125
124,314,Auditor,133
125,45,Tester,107
126,633,Analyst,59
126,386,Developer,186
126,59,Developer,29
127,479,Developer,135
127,160,Manager,53
128,784,Analyst,107
129,891,Auditor,75
129,805,Auditor,53
129,615,Manager,117
129,883,Tester,199
130,312,Auditor,16
130,59,Analyst,128
130,240,Manager,137
131,270,Developer,17
131,982,Analyst,144
131,183,Auditor,84
131,332,Auditor,183
132,439,Analyst,101
132,848,Auditor,66
132,365,Tester,112
133,118,Auditor,179
133,520,Manager,171
133,223,Developer,66
133,325,Analyst,62
133,634,Manager,63
134,309,Auditor,25
134,834,Tester,154
134,917,Auditor,147
135,4,Auditor,70
135,929,Auditor,79
135,852,Developer,141
136,889,Tester,117
136,91,Auditor,157
137,558,Auditor,53
137,271,Tester,65
137,716,Developer,65
137,338,Auditor,55
138,59,Developer,71
138,273,Auditor,143
138,490,Manager,34
138,561,Analyst,95
138,481,Manager,46
139,497,Tester,147
139,883,Tester,72
139,349,Tester,58
140,913,Manager,135
140,239,Tester,143
140,973,Tester,158
141,98,Analyst,149
141,751,Tester,194
141,694,Analyst,51
142,494,Manager,35
143,890,Tester,78
143,763,Developer,133
143,383,Auditor,200
144,865,Manager,124
145,360,Developer,18
146,364,Developer,103
147,427,Developer,177
147,594,Tester,52
148,329,Developer,138
148,762,Manager,139
149,54,Auditor,19
149,993,Manager,152
149,571,Developer,13
149,69,Auditor,177
150,384,Developer,179
150,610,Auditor,91
150,873,Auditor,105
151,607,Tester,84
151,417,Auditor,155
151,37,Analyst,164
151,891,Analyst,88
152,164,Developer,188
152,242,Auditor,13
153,80,Tester,51
153,919,Auditor,137
153,601,Manager,53
153,53,Tester,110
154,420,Auditor,148
154,91,Analyst,18
154,957,Tester,19
154,763,Developer,153
154,889,Manager,165
155,649,Tester,161
156,911,Tester,153
157,365,Auditor,156
158,33,Developer,69
158,486,Auditor,12
158,474,Developer,26
158,966,Tester,107
159,568,Developer,139
159,821,Auditor,31
159,810,Analyst,108
160,351,Auditor,116
160,235,Analyst,114
160,646,Tester,180
160,195,Auditor,16
160,9,Auditor,163
161,87,Auditor,68
162,648,Developer,173
163,930,Manager,168
164,73,Manager,30
164,560,Developer,176
165,307,Analyst,143
165,257,Auditor,51
166,441,Manager,137
166,279,Developer,182
166,472,Tester,59
167,687,Analyst,146
167,717,Tester,14
168,454,Manager,146
168,221,Manager,119
169,513,Auditor,96
170,467,Manager,198
170,620,Manager,150
171,657,Analyst,136
172,731,Manager,172
172,355,Auditor,96
172,663,Auditor,14
173,933,Analyst,91
173,219,Analyst,53
173,735,Analyst,21
173,726,Auditor,54
174,986,Analyst,137
174,93,Developer,184
174,749,Manager,171
175,668,Auditor,17
175,765,Analyst,40
175,897,Auditor,55
175,957,Tester,112
175,756,Auditor,135
176,583,Auditor,70
176,626,Analyst,165
177,298,Developer,59
177,139,Developer,33
178,883,Auditor,80
178,221,Manager,181
178,765,Tester,94
178,658,Analyst,128
179,765,Auditor,93
179,990,Auditor,90
179,47,Manager,110
179,220,Manager,192
180,450,Manager,37
180,957,Tester,154
180,889,Developer,129
180,717,Tester,98
180,820,Developer,170
181,612,Analyst,68
181,939,Auditor,127
181,424,Tester,193
182,44,Developer,67
182,5,Analyst,158
182,917,Manager,58
183,832,Analyst,37
183,129,Developer,100
183,339,Manager,89
184,636,Auditor,148
184,187,Analyst,151
184,831,Developer,11
184,62,Manager,116
185,464,Analyst,90
185,385,Manager,168
186,198,Analyst,23
186,800,Developer,90
186,520,Analyst,68
186,815,Manager,140
187,124,Manager,82
187,237,Tester,55
187,539,Developer,52
188,864,Auditor,126
188,497,Tester,37
188,13,Tester,177
189,750,Analyst,135
190,139,Manager,191
191,763,Tester,77
191,832,Auditor,113
191,776,Manager,14
191,827,Analyst,165
192,45,Manager,180
192,183,Developer,78
193,933,Manager,192
194,460,Analyst,102
194,365,Tester,143
194,229,Auditor,123
195,844,Manager,34
196,125,Auditor,10
196,979,Analyst,145
196,2,Developer,161
197,859,Auditor,93
198,839,Auditor,165
199,337,Auditor,128
199,632,Analyst,150
199,462,Analyst,124
199,157,Tester,14
199,770,Developer,117
200,729,Developer,118
200,30,Manager,72
201,226,Manager,38
202,10,Auditor,174
202,171,Manager,46
202,398,Tester,99
202,755,Developer,29
203,547,Tester,174
203,742,Tester,161
203,495,Developer,52
204,609,Auditor,166
204,587,Auditor,23
204,38,Manager,167
204,244,Manager,188
204,505,Developer,26
205,188,Developer,168
205,953,Developer,75
205,637,Developer,167
206,427,Developer,135
207,685,Auditor,169
207,664,Developer,79
208,757,Tester,15
208,490,Developer,46
209,559,Auditor,55
209,422,Analyst,165
210,265,Analyst,111
211,758,Analyst,124
211,158,Analyst,73
211,268,Manager,23
212,612,Auditor,29
212,470,Developer,181
212,56,Tester,60
212,337,Analyst,42
213,842,Auditor,68
213,682,Auditor,197
214,436,Auditor,175
214,838,Tester,152
215,3,Manager,134
215,479,Auditor,14
215,586,Auditor,91
215,698,Analyst,85
216,435,Tester,105
216,492,Developer,162
216,772,Manager,166
216,438,Manager,57
217,356,Manager,13
217,189,Manager,114
218,42,Developer,47
218,513,Analyst,115
218,860,Auditor,33
218,489,Developer,191
218,817,Tester,137
219,321,Manager,161
219,362,Tester,80
219,360,Developer,151
219,486,Auditor,192
220,195,Auditor,49
221,316,Developer,125
222,666,Auditor,166
222,80,Tester,51
223,464,Auditor,176
223,771,Analyst,162
224,799,Manager,103
224,577,Developer,195
224,422,Manager,159
225,865,Manager,110
225,627,Manager,145
225,402,Developer,86
226,392,Tester,25
226,825,Manager,140
227,263,Developer,86
227,911,Manager,40
227,10,Analyst,17
227,164,Tester,173
227,300,Tester,163
228,9,Tester,123
228,905,Manager,88
228,628,Auditor,193
229,727,Tester,18
230,984,Manager,73
230,278,Developer,100
231,417,Auditor,187
232,888,Developer,14
232,7,Tester,140
233,190,Auditor,167
234,196,Manager,153
234,907,Developer,38
235,535,Manager,176
235,578,Auditor,160
235,25,Manager,33
235,847,Analyst,106
236,972,Manager,73
236,150,Tester,48
237,482,Tester,136
237,239,Developer,97
237,216,Auditor,91
238,197,Developer,117
238,233,Developer,63
238,588,Tester,176
238,165,Auditor,146
238,684,Manager,42
239,977,Auditor,47
239,894,Developer,36
240,483,Auditor,149
240,19,Developer,92
240,259,Tester,109
241,51,Analyst,12
241,407,Analyst,193
241,693,Tester,47
241,593,Auditor,140
242,210,Tester,186
242,87,Analyst,13
242,770,Analyst,19
242,700,Auditor,162
243,781,Developer,45
243,636,Auditor,17
244,282,Manager,92
244,793,Analyst,37
245,147,Manager,139
245,450,Tester,17
245,748,Auditor,148
246,866,Analyst,187
247,961,Manager,80
247,852,Analyst,104
248,821,Tester,83
248,896,Tester,145
249,599,Manager,125
250,811,Tester,114
250,643,Tester,184
250,343,Developer,104
250,388,Tester,113
251,224,Auditor,113
251,326,Analyst,157
252,30,Analyst,129
252,473,Analyst,51
252,453,Auditor,111
252,439,Developer,152
252,853,Developer,78
253,405,Tester,102
253,301,Analyst,103
253,925,Analyst,36
253,868,Tester,37
253,147,Manager,179
254,297,Developer,187
254,94,Analyst,149
254,780,Manager,192
254,488,Analyst,184
254,397,Auditor,75
255,639,Developer,114
255,957,Analyst,35
255,598,Manager,167
256,605,Developer,40
256,664,Manager,73
256,78,Analyst,120
257,799,Manager,98
257,650,Tester,182
257,36,Tester,143
257,448,Developer,139
257,620,Analyst,69
258,424,Analyst,196
258,154,Tester,175
259,606,Auditor,183
259,679,Auditor,149
259,831,Manager,70
260,644,Tester,73
260,123,Auditor,31
260,962,Auditor,147
260,999,Manager,85
260,788,Auditor,16
261,921,Tester,78
261,522,Developer,186
262,279,Manager,30
263,818,Tester,72
263,385,Manager,140
263,133,Developer,194
264,16,Tester,42
264,344,Analyst,171
264,384,Tester,68
264,488,Analyst,50
265,301,Developer,145
266,834,Analyst,36
266,612,Analyst,81
266,686,Manager,162
267,87,Tester,197
267,602,Manager,128
267,977,Analyst,111
267,90,Developer,104
268,983,Analyst,192
268,442,Auditor,184
268,989,Manager,14
268,52,Manager,190
268,706,Auditor,72
269,614,Developer,21
269,772,Analyst,95
269,54,Manager,58
269,179,Analyst,149
270,204,Analyst,111
270,537,Analyst,154
270,145,Developer,108
270,465,Analyst,72
270,488,Analyst,174
271,753,Auditor,143
271,147,Analyst,62
272,60,Tester,134
272,125,Developer,36
272,679,Analyst,184
272,486,Auditor,198
272,40,Manager,24
273,87,Manager,45
273,453,Developer,56
274,592,Analyst,45
274,725,Manager,153
274,120,Manager,27
275,517,Developer,82
275,680,Manager,116
275,752,Tester,71
276,605,Analyst,93
276,776,Analyst,125
276,431,Developer,126
276,500,Manager,148
276,656,Manager,120
277,489,Analyst,107
278,189,Auditor,133
278,997,Developer,80
278,865,Manager,178
278,584,Manager,32
278,39,Tester,163
279,916,Developer,148
279,531,Developer,166
279,646,Tester,187
280,952,Manager,22
280,223,Auditor,190
280,687,Auditor,188
280,192,Analyst,66
281,618,Manager,196
281,340,Developer,189
281,519,Analyst,112
282,927,Analyst,105
282,845,Manager,125
282,545,Analyst,25
282,360,Developer,10
283,944,Tester,81
284,114,Developer,46
285,16,Analyst,73
285,660,Manager,100
285,957,Tester,145
285,98,Tester,161
285,908,Analyst,76
286,6,Auditor,47
286,303,Analyst,15
287,887,Auditor,113
287,226,Auditor,40
287,483,Analyst,133
288,167,Developer,81
288,359,Tester,169
288,259,Developer,148
288,184,Manager,182
288,487,Manager,176
289,309,Analyst,136
289,946,Auditor,166
289,942,Manager,127
290,199,Developer,73
291,382,Auditor,185
291,428,Tester,123
291,743,Developer,34
291,19,Tester,110
291,34,Manager,104
292,487,Tester,131
292,113,Analyst,44
292,709,Developer,187
292,301,Tester,165
292,416,Tester,44
293,965,Tester,91
293,849,Auditor,77
293,844,Tester,166
294,474,Analyst,100
295,859,Developer,77
295,611,Developer,103
296,510,Developer,82
296,613,Tester,76
296,747,Developer,166
296,324,Tester,26
297,23,Analyst,91
297,859,Developer,92
298,688,Auditor,128
298,50,Developer,38
298,129,Manager,77
298,234,Analyst,14
298,724,Developer,80
299,586,Developer,21
299,827,Analyst,187
299,517,Manager,71
300,270,Tester,43
300,207,Analyst,99
301,47,Analyst,41
302,126,Tester,148
302,835,Analyst,139
303,776,Analyst,196
303,827,Tester,52
303,8,Auditor,30
303,392,Auditor,120
304,429,Analyst,169
304,37,Analyst,47
304,324,Manager,35
305,460,Developer,118
305,577,Manager,177
305,925,Auditor,82
305,784,Analyst,52
305,596,Manager,72
306,781,Manager,19
306,22,Analyst,91
306,668,Tester,155
306,904,Developer,118
306,950,Tester,187
307,689,Analyst,102
308,271,Developer,176
309,316,Tester,63
310,295,Developer,178
310,293,Tester,106
310,418,Tester,87
311,659,Auditor,197
311,522,Analyst,159
311,439,Tester,76
312,987,Auditor,60
313,732,Tester,13
314,819,Manager,73
314,403,Developer,102
314,78,Auditor,127
314,823,Manager,185
314,399,Analyst,133
315,522,Developer,78
315,659,Manager,32
315,516,Manager,56
316,176,Analyst,198
316,370,Analyst,84
316,714,Developer,36
317,504,Analyst,158
317,62,Auditor,156
318,132,Tester,27
318,595,Tester,112
318,773,Tester,149
318,112,Manager,100
319,420,Manager,66
319,882,Auditor,198
320,196,Tester,103
320,177,Auditor,145
320,902,Auditor,178
321,90,Tester,36
321,734,Manager,191
321,425,Developer,40
321,44,Manager,55
322,633,Developer,57
322,558,Analyst,131
322,783,Tester,172
322,651,Auditor,137
323,86,Tester,165
324,802,Analyst,50
324,137,Developer,118
324,438,Analyst,43
324,587,Tester,49
324,281,Auditor,139
325,129,Analyst,57
326,541,Developer,192
326,208,Developer,150
327,676,Manager,31
327,771,Analyst,113
327,180,Analyst,106
328,61,Tester,16
328,737,Analyst,67
328,660,Auditor,167
328,766,Analyst,13
328,305,Manager,167
329,256,Tester,15
329,789,Tester,76
330,888,Auditor,117
330,419,Auditor,199
330,241,Tester,170
331,333,Manager,181
331,304,Manager,10
332,292,Tester,184
333,961,Developer,192
333,526,Developer,94
333,185,Manager,96
333,237,Manager,171
334,681,Developer,119
335,170,Auditor,95
336,778,Tester,70
336,169,Auditor,120
336,145,Auditor,64
337,372,Manager,65
337,33,Analyst,177
337,964,Auditor,160
338,104,Manager,193
339,473,Manager,68
339,999,Analyst,183
339,703,Manager,143
339,737,Analyst,46
339,731,Manager,153
340,891,Developer,52
340,165,Analyst,35
340,627,Analyst,155
341,155,Developer,28
342,201,Manager,17
342,589,Tester,155
342,552,Analyst,195
342,173,Tester,45
343,748,Auditor,181
343,883,Developer,199
343,568,Tester,17
343,940,Analyst,198
344,445,Tester,194
344,473,Analyst,68
345,776,Manager,156
346,976,Developer,178
346,998,Tester,96
347,693,Developer,128
347,828,Manager,155
347,650,Tester,117
347,787,Auditor,82
347,853,Analyst,89
348,162,Manager,127
348,591,Manager,128
349,9,Auditor,151
349,743,Developer,17
349,95,Analyst,132
350,820,Developer,172
350,670,Auditor,144
350,76,Developer,178
350,72,Developer,148
350,994,Developer,180
351,734,Auditor,125
351,399,Developer,105
351,799,Tester,155
351,607,Analyst,108
351,532,Analyst,183
352,878,Developer,137
352,415,Auditor,19
353,46,Tester,94
353,629,Tester,69
353,649,Manager,141
354,899,Manager,38
354,930,Auditor,154
354,992,Developer,157
354,988,Manager,38
354,506,Developer,179
355,247,Developer,96
355,929,Developer,102
355,922,Manager,94
355,185,Manager,47
355,680,Analyst,177
356,970,Developer,121
356,946,Manager,21
356,410,Manager,147
356,749,Developer,120
356,103,Developer,114
357,839,Manager,192
358,143,Auditor,170
358,565,Analyst,64
358,722,Developer,146
358,481,Auditor,136
358,467,Developer,64
359,722,Tester,103
359,890,Developer,144
360,24,Developer,65
361,761,Analyst,148
361,281,Analyst,145
361,635,Auditor,187
362,987,Auditor,142
362,839,Developer,77
362,530,Auditor,124
363,417,Analyst,178
364,630,Auditor,116
364,808,Analyst,42
365,331,Auditor,32
365,778,Developer,161
365,533,Auditor,40
366,104,Manager,66
366,508,Analyst,174
367,913,Analyst,38
367,532,Developer,187
368,15,Tester,57
369,675,Developer,22
369,691,Analyst,97
369,671,Developer,177
369,803,Analyst,170
369,125,Analyst,176
370,975,Auditor,89
370,886,Tester,197
370,97,Analyst,83
370,711,Manager,195
370,6,Auditor,144
371,82,Developer,102
371,134,Auditor,126
372,675,Manager,143
372,143,Tester,45
373,414,Developer,47
373,797,Analyst,104
373,513,Analyst,53
373,591,Developer,135
374,313,Tester,47
375,299,Developer,29
375,202,Analyst,68
375,55,Developer,102
376,472,Developer,175
376,833,Analyst,82
376,708,Tester,115
376,74,Analyst,18
377,583,Developer,89
377,834,Manager,28
378,664,Developer,100
379,239,Auditor,104
379,382,Auditor,163
379,883,Analyst,19
379,494,Auditor,20
379,600,Analyst,62
380,154,Auditor,67
380,194,Analyst,27
380,612,Tester,49
380,382,Auditor,145
380,139,Manager,183
381,803,Analyst,34
381,774,Analyst,32
382,39,Manager,135
383,924,Tester,78
384,205,Developer,40
384,121,Manager,147
384,471,Tester,141
384,747,Manager,198
384,333,Tester,59
385,917,Developer,51
385,484,Developer,101
385,6,Analyst,58
386,542,Manager,184
386,727,Tester,60
386,400,Tester,63
386,921,Developer,113
386,406,Tester,101
387,662,Manager,197
387,926,Developer,156
387,568,Tester,145
388,315,Manager,139
388,443,Manager,19
389,490,Manager,83
390,285,Manager,172
390,127,Analyst,150
390,605,Tester,51
391,271,Developer,177
391,788,Tester,118
391,728,Auditor,135
391,452,Auditor,72
391,910,Tester,76
392,867,Developer,126
392,800,Manager,93
392,305,Analyst,168
393,944,Manager,24
394,485,Developer,170
394,107,Manager,178
394,467,Analyst,96
394,662,Analyst,97
395,835,Developer,118
395,353,Tester,156
395,895,Tester,31
395,436,Developer,73
396,654,Auditor,190
396,954,Manager,33
396,881,Analyst,113
397,278,Manager,79
398,792,Analyst,32
398,861,Analyst,92
399,543,Analyst,15
399,896,Tester,10
399,605,Auditor,193
399,164,Analyst,126
400,150,Analyst,186
400,504,Manager,134
400,68,Tester,81
400,382,Developer,36
401,415,Manager,95
401,577,Tester,40
401,858,Manager,86
402,402,Auditor,168
402,17,Auditor,166
402,735,Analyst,17
402,601,Analyst,188
402,990,Auditor,147
403,98,Analyst,60
403,269,Developer,199
403,683,Auditor,89
403,247,Analyst,86
404,150,Developer,148
405,975,Auditor,51
405,908,Manager,96
405,15,Developer,120
406,973,Manager,112
406,41,Manager,97
406,435,Analyst,77
407,488,Manager,37
407,17,Analyst,32
407,14,Analyst,120
407,606,Developer,78
408,373,Auditor,174
408,789,Analyst,182
408,659,Analyst,52
408,496,Manager,34
408,684,Manager,67
409,244,Manager,44
409,129,Manager,22
409,377,Tester,27
409,637,Analyst,66
409,230,Tester,77
410,55,Manager,31
410,340,Auditor,183
410,867,Manager,132
411,73,Auditor,128
411,928,Manager,119
411,653,Manager,136
411,367,Manager,72
412,619,Developer,177
413,440,Analyst,145
413,687,Manager,109
413,533,Tester,75
414,657,Analyst,152
414,497,Developer,81
414,648,Auditor,124
414,218,Tester,110
415,810,Manager,156
415,114,Auditor,66
416,130,Tester,14
417,32,Analyst,103
417,242,Auditor,136
418,965,Manager,151
419,623,Analyst,49
419,415,Auditor,55
419,559,Auditor,141
420,74,Analyst,161
420,977,Manager,57
420,360,Tester,73
421,419,Tester,47
422,613,Manager,107
422,100,Developer,41
422,347,Developer,120
423,297,Tester,195
423,570,Manager,179
423,793,Tester,99
424,253,Analyst,116
424,39,Developer,175
424,785,Analyst,120
425,704,Manager,185
425,950,Manager,153
426,523,Auditor,42
426,424,Auditor,35
426,414,Auditor,71
426,191,Tester,32
426,724,Developer,54
427,698,Analyst,40
427,894,Auditor,145
428,840,Developer,70
428,877,Analyst,64
428,947,Tester,146
429,949,Analyst,42
430,984,Tester,163
430,945,Analyst,144
431,847,Tester,75
431,920,Manager,123
431,834,Tester,68
431,427,Analyst,99
432,531,Manager,50
433,814,Manager,38
433,32,Developer,111
434,381,Developer,132
434,344,Tester,64
435,157,Tester,124
435,944,Developer,26
435,637,Analyst,11
435,288,Tester,105
436,347,Auditor,160
437,955,Manager,45
437,833,Developer,168
437,81,Manager,130
437,402,Manager,67
437,388,Tester,173
438,617,Auditor,81
438,655,Manager,21
438,432,Analyst,197
438,762,Tester,77
439,850,Manager,55
440,234,Tester,109
440,419,Auditor,37
440,593,Analyst,190
440,106,Auditor,87
441,898,Tester,181
441,552,Auditor,70
441,522,Manager,37
441,773,Auditor,158
442,45,Manager,61
442,681,Manager,138
442,150,Manager,178
442,570,Auditor,172
443,231,Developer,167
443,88,Tester,25
443,521,Analyst,170
443,868,Auditor,148
444,701,Tester,145
444,396,Tester,98
444,369,Auditor,163
444,166,Analyst,138
444,325,Developer,182
445,606,Manager,149
445,613,Tester,159
445,778,Analyst,73
445,363,Manager,30
446,439,Auditor,45
446,721,Manager,67
447,995,Manager,22
447,515,Manager,166
447,88,Auditor,96
447,928,Manager,147
448,803,Developer,158
448,404,Developer,147
449,219,Analyst,39
449,793,Auditor,40
449,132,Analyst,199
450,404,Developer,191
450,684,Manager,154
450,208,Developer,105
451,732,Manager,147
451,480,Tester,98
451,88,Analyst,101
451,603,Manager,152
452,354,Tester,40
452,674,Tester,34
452,954,Developer,79
452,214,Analyst,36
453,236,Developer,132
453,423,Manager,166
454,502,Tester,153
454,747,Analyst,154
454,272,Developer,148
455,898,Analyst,67
455,949,Developer,117
455,882,Auditor,27
456,330,Tester,123
456,965,Analyst,77
457,42,Manager,147
457,861,Analyst,149
458,775,Auditor,52
458,344,Analyst,101
458,95,Tester,182
459,156,Tester,77
459,806,Analyst,84
460,761,Manager,39
461,439,Manager,96
461,618,Analyst,126
461,134,Developer,154
462,556,Analyst,34
462,827,Developer,148
462,943,Auditor,124
462,752,Manager,126
462,292,Tester,137
463,753,Manager,30
464,631,Auditor,33
464,853,Tester,108
464,864,Tester,61
464,463,Tester,184
464,290,Analyst,180
465,669,Tester,122
466,977,Developer,79
466,298,Developer,177
466,731,Developer,124
467,433,Analyst,63
467,818,Analyst,80
468,524,Analyst,25
468,350,Tester,140
468,903,Manager,91
469,999,Analyst,28
469,708,Manager,84
470,420,Manager,165
470,102,Tester,39
470,578,Analyst,126
470,31,Tester,46
470,21,Auditor,44
471,106,Analyst,165
471,454,Developer,72
472,671,Auditor,100
472,958,Manager,32
472,938,Tester,183
473,901,Manager,110
473,28,Manager,37
473,397,Manager,60
473,738,Auditor,112
474,744,Auditor,194
474,901,Manager,58
475,393,Analyst,77
476,46,Tester,93
476,894,Tester,83
477,212,Auditor,109
478,456,Analyst,15
478,823,Manager,191
478,860,Tester,175
478,739,Auditor,103
479,960,Auditor,108
479,295,Tester,39
479,489,Auditor,151
479,173,Auditor,122
480,852,Tester,180
480,338,Auditor,65
480,970,Auditor,189
481,22,Auditor,162
481,559,Tester,192
482,971,Tester,21
483,502,Developer,46
483,704,Auditor,187
483,281,Developer,62
483,384,Manager,178
484,553,Auditor,197
484,463,Tester,143
485,518,Manager,177
485,717,Manager,15
485,355,Analyst,150
486,504,Manager,25
486,51,Manager,179
487,653,Developer,72
487,34,Developer,72
487,547,Developer,136
487,88,Analyst,86
487,773,Analyst,118
488,767,Developer,99
488,675,Manager,12
488,495,Auditor,122
489,682,Developer,177
489,242,Analyst,83
490,234,Analyst,56
491,251,Tester,96
491,821,Tester,33
491,651,Tester,104
491,986,Developer,100
492,293,Tester,155
492,503,Analyst,49
493,944,Manager,38
493,947,Manager,104
493,182,Manager,154
493,766,Developer,57
494,752,Analyst,65
494,175,Developer,87
494,657,Analyst,167
495,614,Analyst,63
495,820,Analyst,48
495,93,Analyst,153
496,505,Manager,132
496,396,Tester,163
497,158,Auditor,78
497,387,Manager,152
497,984,Manager,17
497,755,Developer,72
497,175,Developer,190
498,286,Tester,195
498,612,Auditor,83
499,150,Manager,67
499,833,Tester,187
499,650,Analyst,80
500,573,Tester,90
500,823,Developer,18
500,288,Tester,137
500,891,Developer,33
500,381,Tester,59
501,797,Manager,134
502,74,Analyst,108
502,539,Analyst,68
502,565,Developer,162
502,754,Developer,152
502,124,Analyst,153
503,362,Manager,185
503,898,Analyst,182
503,508,Developer,181
503,886,Auditor,58
503,349,Auditor,151
504,313,Tester,36
504,818,Tester,21
504,960,Developer,177
505,907,Tester,73
505,314,Analyst,126
505,409,Tester,170
505,557,Developer,159
505,889,Developer,33
506,174,Manager,66
506,474,Manager,198
506,506,Tester,159
506,641,Auditor,198
506,968,Auditor,173
507,735,Auditor,141
507,276,Auditor,43
508,793,Analyst,126
508,732,Manager,180
508,61,Tester,198
508,594,Auditor,187
509,870,Auditor,195
510,206,Auditor,154
510,155,Tester,161
510,853,Auditor,157
510,845,Manager,57
511,759,Auditor,47
511,352,Developer,117
512,594,Manager,172
512,640,Auditor,14
512,646,Tester,80
512,431,Manager,124
512,783,Manager,34
513,792,Developer,132
514,768,Manager,83
514,233,Auditor,73
514,67,Analyst,145
515,759,Developer,60
515,801,Auditor,193
516,532,Manager,77
516,348,Developer,155
516,292,Analyst,193
517,405,Tester,93
517,149,Manager,63
517,256,Auditor,123
518,466,Tester,76
518,265,Analyst,49
518,948,Auditor,108
518,128,Developer,70
519,522,Analyst,182
520,967,Auditor,191
520,573,Manager,101
521,216,Manager,145
521,694,Auditor,58
522,512,Analyst,86
522,179,Analyst,94
522,503,Auditor,18
522,424,Analyst,74
522,947,Auditor,191
523,385,Tester,71
523,746,Manager,199
523,670,Developer,149
523,959,Tester,124
524,948,Analyst,15
524,583,Auditor,152
524,541,Manager,76
524,385,Tester,112
525,137,Manager,186
525,157,Manager,141
525,483,Tester,92
525,604,Developer,121
526,957,Tester,25
526,777,Analyst,17
526,814,Auditor,103
526,418,Auditor,17
527,823,Manager,93
527,979,Developer,100
527,571,Auditor,134
528,803,Manager,182
528,185,Auditor,45
528,750,Manager,22
528,190,Developer,183
529,705,Auditor,168
529,181,Auditor,120
529,381,Manager,147
529,781,Tester,169
530,988,Analyst,151
531,975,Manager,75
531,458,Analyst,156
531,479,Developer,65
532,574,Auditor,93
532,908,Manager,105
532,901,Auditor,181
532,754,Manager,122
532,766,Analyst,129
533,977,Tester,180
533,342,Tester,48
533,155,Manager,152
533,716,Analyst,65
534,517,Manager,130
535,984,Auditor,161
535,950,Tester,151
536,20,Developer,44
537,892,Tester,195
537,705,Manager,82
537,449,Analyst,151
537,901,Developer,21
538,245,Developer,17
539,960,Analyst,51
539,233,Tester,30
539,753,Manager,64
540,98,Manager,17
540,623,Auditor,84
541,674,Manager,112
541,713,Tester,83
541,106,Analyst,79
541,737,Auditor,25
541,517,Developer,136
542,725,Analyst,159
542,581,Analyst,26
542,819,Tester,48
542,315,Tester,121
543,294,Tester,147
544,587,Auditor,196
544,684,Tester,14
544,445,Tester,180
544,890,Analyst,149
544,641,Analyst,155
545,136,Auditor,184
545,96,Auditor,78
545,465,Manager,133
546,496,Developer,52
546,861,Analyst,82
546,800,Auditor,150
546,343,Manager,83
547,388,Analyst,64
547,963,Developer,192
548,650,Auditor,27
548,644,Developer,70
548,210,Developer,54
549,431,Tester,155
550,259,Tester,121
550,330,Developer,158
550,602,Manager,193
550,127,Analyst,39
550,596,Manager,190
551,442,Analyst,98
551,681,Analyst,149
551,217,Developer,141
551,69,Tester,97
551,498,Auditor,34
552,140,Manager,19
552,518,Manager,41
552,57,Developer,165
552,866,Manager,18
552,525,Tester,56
553,794,Auditor,45
553,247,Manager,49
553,910,Manager,56
553,496,Analyst,118
553,534,Developer,184
554,569,Developer,58
554,754,Manager,90
554,628,Manager,188
554,643,Auditor,51
555,691,Developer,163
555,459,Analyst,51
556,614,Auditor,198
556,568,Developer,195
557,907,Manager,180
557,315,Manager,12
557,777,Auditor,60
557,749,Manager,127
558,29,Developer,181
559,199,Manager,54
560,998,Manager,80
560,680,Manager,30
560,326,Developer,169
561,653,Analyst,187
561,149,Analyst,17
562,856,Tester,186
562,290,Analyst,69
562,137,Developer,45
563,730,Analyst,82
563,451,Analyst,150
563,587,Tester,177
563,378,Tester,171
563,716,Analyst,59
564,320,Auditor,148
564,511,Analyst,119
564,124,Developer,144
564,726,Developer,200
565,294,Tester,173
565,150,Tester,190
565,94,Developer,41
566,594,Auditor,100
566,625,Analyst,193
566,290,Developer,90
567,878,Auditor,82
568,561,Developer,137
568,111,Tester,98
569,429,Manager,22
570,651,Tester,120
571,527,Tester,137
572,903,Developer,49
572,324,Analyst,160
572,175,Tester,128
572,960,Manager,32
572,76,Developer,71
573,533,Tester,160
573,716,Manager,200
573,891,Tester,70
573,605,Tester,21
574,385,Auditor,73
574,398,Analyst,78
574,657,Developer,56
574,931,Manager,60
574,210,Analyst,97
575,214,Manager,103
575,114,Auditor,92
575,857,Manager,192
576,709,Tester,32
577,582,Developer,106
577,370,Manager,191
578,779,Auditor,176
578,100,Analyst,41
578,636,Developer,141
579,358,Auditor,79
579,419,Tester,47
579,186,Auditor,139
579,751,Manager,112
579,26,Developer,77
580,75,Tester,183
580,825,Developer,41
580,794,Analyst,111
581,998,Tester,25
581,897,Manager,90
581,121,Tester,84
582,576,Developer,145
582,86,Manager,144
582,360,Auditor,36
583,653,Developer,186
583,454,Auditor,97
583,325,Developer,134
583,55,Tester,38
583,107,Auditor,160
584,608,Tester,64
585,52,Developer,142
585,749,Analyst,177
585,142,Auditor,113
586,657,Developer,81
586,724,Tester,31
586,990,Tester,91
586,480,Tester,186
586,544,Analyst,68
587,362,Analyst,176
587,54,Tester,183
587,762,Developer,42
587,37,Tester,41
588,822,Analyst,60
588,94,Manager,188
588,720,Auditor,122
589,286,Analyst,35
589,233,Analyst,16
589,338,Analyst,65
590,600,Analyst,123
591,542,Manager,94
591,265,Tester,53
591,258,Analyst,77
592,847,Auditor,14
592,387,Analyst,46
592,480,Tester,153
593,180,Developer,182
593,927,Developer,158
593,791,Auditor,152
594,28,Tester,65
594,323,Analyst,182
594,373,Tester,38
594,737,Analyst,55
595,771,Developer,125
595,321,Auditor,30
595,301,Auditor,181
596,137,Manager,155
596,17,Manager,121
596,122,Auditor,180
596,449,Tester,125
597,55,Developer,140
597,535,Developer,131
598,408,Developer,54
598,393,Manager,11
598,577,Tester,55
598,986,Tester,168
598,870,Auditor,135
599,538,Analyst,28
599,600,Manager,91
599,812,Auditor,84
600,539,Auditor,101
600,469,Analyst,197
601,205,Analyst,187
601,106,Tester,167
601,226,Tester,92
601,678,Tester,188
602,614,Analyst,127
603,555,Analyst,139
603,213,Developer,95
603,586,Manager,26
603,323,Developer,162
604,8,Developer,130
605,272,Manager,106
605,600,Tester,71
605,305,Tester,54
605,994,Tester,97
606,26,Tester,131
606,381,Tester,184
606,106,Auditor,66
606,329,Tester,56
607,179,Tester,192
607,770,Developer,162
608,745,Developer,172
608,191,Developer,196
609,296,Tester,13
609,340,Manager,186
610,286,Manager,179
611,926,Auditor,177
611,694,Tester,131
611,252,Manager,190
612,916,Developer,191
613,542,Tester,184
613,987,Analyst,93
613,8,Developer,133
613,47,Tester,124
614,300,Tester,177
614,422,Tester,36
614,249,Developer,23
614,765,Analyst,92
614,191,Analyst,178
615,120,Analyst,170
615,877,Auditor,85
615,944,Analyst,55
615,165,Manager,51
616,620,Manager,181
616,920,Manager,22
616,219,Auditor,48
616,637,Tester,101
617,768,Auditor,143
617,648,Analyst,168
618,390,Developer,27
619,393,Tester,182
619,752,Manager,113
619,774,Auditor,133
620,943,Developer,136
620,492,Developer,108
620,538,Auditor,92
620,975,Auditor,62
620,431,Analyst,86
621,202,Manager,153
621,747,Auditor,177
621,871,Analyst,29
621,536,Manager,106
621,100,Developer,82
622,538,Tester,48
622,164,Tester,100
623,388,Manager,147
623,675,Analyst,172
623,258,Analyst,88
623,598,Auditor,100
624,422,Developer,200
624,200,Developer,133
625,399,Analyst,85
625,577,Tester,167
626,311,Analyst,182
626,855,Tester,172
626,619,Analyst,135
626,853,Analyst,36
626,950,Tester,31
627,325,Analyst,99
628,940,Analyst,158
628,694,Tester,25
628,325,Developer,171
628,772,Tester,49
628,198,Analyst,63
629,239,Developer,161
629,858,Developer,32
630,290,Tester,102
630,743,Manager,150
631,409,Developer,98
631,374,Auditor,80
631,545,Tester,33
632,292,Auditor,88
633,726,Developer,80
633,480,Developer,141
633,101,Analyst,81
633,694,Auditor,39
633,415,Analyst,79
634,960,Manager,195
634,333,Tester,149
634,477,Developer,29
635,964,Manager,157
635,417,Manager,74
635,733,Tester,61
636,319,Analyst,66
636,408,Auditor,68
636,396,Developer,62
636,201,Auditor,18
636,566,Auditor,105
637,543,Analyst,28
637,641,Developer,56
637,194,Developer,141
637,957,Analyst,109
637,313,Manager,182
638,891,Tester,22
638,504,Tester,43
639,429,Tester,52
639,84,Analyst,87
640,968,Developer,152
640,87,Manager,107
641,267,Manager,171
641,908,Analyst,36
641,650,Developer,180
641,580,Tester,127
641,572,Auditor,197
642,161,Tester,119
642,855,Auditor,90
642,965,Manager,180
643,70,Auditor,46
643,240,Developer,166
643,142,Auditor,160
643,585,Developer,114
643,705,Analyst,197
644,197,Analyst,101
644,727,Analyst,43
645,635,Tester,190
645,183,Manager,78
646,109,Developer,16
646,833,Auditor,96
647,780,Auditor,154
647,681,Auditor,200
647,272,Auditor,145
647,899,Manager,160
648,227,Manager,62
649,678,Tester,179
649,899,Developer,38
650,586,Auditor,43
650,108,Tester,11
650,174,Tester,135
651,901,Tester,114
651,143,Developer,143
651,104,Analyst,80
652,523,Analyst,36
652,374,Auditor,97
652,802,Auditor,15
652,139,Developer,193
653,177,Auditor,65
653,541,Manager,16
653,956,Developer,92
653,815,Manager,152
653,98,Analyst,34
654,722,Analyst,81
654,466,Analyst,145
654,904,Tester,28
654,367,Manager,170
654,59,Developer,122
655,610,Developer,49
656,549,Analyst,199
656,165,Analyst,74
657,617,Analyst,194
657,477,Analyst,35
657,661,Developer,136
657,45,Manager,191
658,853,Manager,31
659,680,Analyst,195
659,190,Tester,84
659,945,Developer,16
660,99,Tester,97
660,820,Tester,45
660,66,Analyst,31
660,323,Auditor,50
661,30,Auditor,52
661,633,Auditor,60
661,460,Developer,70
661,198,Tester,174
662,75,Analyst,34
662,29,Developer,74
662,139,Manager,40
662,118,Tester,117
663,49,Developer,122
663,995,Manager,158
663,40,Developer,176
663,562,Manager,61
663,907,Developer,127
664,187,Auditor,87
664,732,Developer,33
664,148,Developer,97
665,515,Auditor,109
665,782,Tester,70
665,846,Analyst,140
666,60,Auditor,94
666,380,Developer,146
666,323,Developer,110
666,361,Auditor,73
667,690,Manager,193
667,210,Developer,119
667,167,Auditor,36
667,463,Manager,173
667,496,Auditor,133
668,22,Analyst,34
668,525,Manager,85
668,159,Auditor,150
668,993,Tester,94
668,879,Tester,20
669,449,Auditor,27
669,653,Manager,27
669,12,Analyst,14
670,939,Developer,80
671,8,Manager,139
672,29,Developer,23
672,334,Manager,160
672,503,Tester,40
672,402,Developer,50
672,23,Auditor,135
673,800,Auditor,23
674,633,Auditor,49
674,72,Manager,81
674,265,Developer,75
674,11,Tester,102
675,965,Developer,179
675,227,Auditor,73
675,721,Tester,174
675,348,Auditor,173
675,498,Manager,157
676,530,Auditor,51
676,188,Auditor,55
676,655,Manager,83
677,710,Analyst,178
677,815,Auditor,158
678,278,Manager,43
678,943,Auditor,169
678,165,Auditor,145
679,652,Manager,85
679,983,Developer,157
680,272,Developer,52
680,21,Manager,154
680,637,Manager,169
681,666,Manager,12
681,211,Manager,134
682,881,Manager,12
682,249,Auditor,119
682,40,Analyst,22
682,975,Tester,173
683,523,Tester,150
684,682,Analyst,19
684,853,Developer,79
684,471,Tester,144
684,720,Analyst,143
685,889,Auditor,147
685,838,Tester,57
685,524,Analyst,11
685,878,Tester,174
686,589,Auditor,96
686,746,Manager,160
686,338,Manager,65
686,389,Developer,100
686,482,Tester,25
687,408,Auditor,122
687,915,Manager,196
687,201,Tester,25
687,528,Manager,38
688,567,Developer,23
688,715,Developer,121
688,683,Developer,94
688,113,Auditor,44
688,449,Tester,67
689,701,Developer,127
689,312,Manager,139
689,285,Analyst,137
689,60,Manager,103
690,175,Developer,57
690,985,Developer,58
691,57,Analyst,141
691,91,Analyst,178
691,878,Auditor,56
692,198,Manager,152
692,184,Analyst,54
692,84,Auditor,124
692,355,Analyst,75
693,659,Analyst,91
693,854,Tester,125
694,668,Auditor,54
695,156,Developer,182
695,244,Auditor,58
695,73,Developer,28
695,334,Developer,95
696,464,Manager,141
696,456,Manager,18
696,540,Tester,191
696,592,Manager,47
696,973,Analyst,117
697,513,Analyst,197
697,458,Manager,115
698,561,Analyst,143
699,378,Analyst,172
699,44,Manager,73
699,889,Tester,123
700,52,Tester,175
700,983,Manager,46
700,790,Analyst,11
700,825,Auditor,43
700,121,Developer,104
701,869,Developer,12
702,590,Analyst,16
702,408,Analyst,70
702,180,Tester,28
703,55,Analyst,90
703,761,Analyst,24
703,524,Auditor,108
704,616,Analyst,35
704,319,Analyst,173
704,932,Tester,26
704,424,Auditor,199
705,999,Analyst,45
705,779,Auditor,188
705,719,Tester,125
705,512,Developer,193
706,69,Auditor,62
706,731,Tester,24
706,928,Analyst,129
706,449,Analyst,144
706,127,Tester,173
707,223,Manager,74
707,437,Developer,29
707,788,Analyst,130
708,148,Auditor,198
708,756,Developer,166
708,487,Manager,102
708,893,Auditor,32
709,990,Developer,128
709,670,Manager,67
709,618,Tester,65
710,388,Auditor,70
710,529,Auditor,164
710,223,Tester,30
710,178,Tester,134
711,467,Auditor,17
712,94,Manager,45
712,30,Tester,114
712,236,Auditor,91
713,889,Tester,71
714,411,Analyst,70
715,500,Manager,49
715,315,Analyst,72
715,722,Developer,163
715,285,Manager,140
716,419,Developer,148
716,561,Auditor,100
716,363,Developer,79
716,185,Analyst,123
717,314,Auditor,117
717,86,Manager,116
717,460,Tester,16
718,58,Developer,45
718,215,Tester,13
719,625,Manager,17
719,480,Auditor,140
720,412,Developer,42
720,146,Developer,148
720,939,Auditor,88
721,880,Analyst,78
721,193,Auditor,166
721,829,Auditor,54
721,305,Manager,93
721,765,Manager,188
722,398,Auditor,194
722,669,Manager,164
722,175,Developer,122
722,105,Auditor,185
722,700,Analyst,185
723,253,Tester,19
723,837,Analyst,155
723,47,Auditor,166
724,251,Auditor,127
724,948,Manager,89
724,604,Auditor,87
725,627,Auditor,177
725,805,Auditor,63
726,417,Auditor,79
726,887,Tester,163
727,2,Auditor,109
727,294,Developer,83
727,950,Manager,168
728,88,Auditor,153
729,486,Tester,127
729,754,Tester,138
729,915,Developer,99
729,574,Analyst,192
729,213,Developer,166
730,779,Developer,130
731,555,Analyst,181
731,644,Auditor,152
732,782,Auditor,53
732,462,Analyst,139
732,490,Manager,121
733,868,Tester,15
733,761,Manager,39
734,463,Auditor,128
734,963,Analyst,138
734,470,Auditor,115
734,900,Analyst,189
735,493,Manager,137
735,310,Analyst,118
735,610,Analyst,71
735,879,Auditor,47
736,982,Analyst,49
737,449,Manager,149
738,600,Manager,10
738,175,Auditor,197
738,298,Tester,189
738,780,Analyst,125
739,963,Developer,103
739,265,Analyst,47
739,493,Analyst,104
739,636,Developer,64
740,393,Manager,40
740,131,Tester,118
740,113,Developer,42
740,811,Tester,130
740,165,Tester,157
741,594,Auditor,118
741,835,Manager,58
741,742,Manager,64
742,628,Tester,123
742,644,Manager,96
742,401,Manager,57
742,971,Manager,87
742,510,Auditor,133
743,599,Manager,128
743,515,Analyst,135
743,775,Analyst,49
743,962,Manager,42
744,69,Auditor,127
744,114,Manager,83
744,236,Tester,26
744,618,Tester,133
745,403,Manager,56
745,954,Auditor,184
745,818,Auditor,117
745,536,Tester,94
745,355,Analyst,110
746,606,Auditor,10
746,199,Analyst,57
747,13,Auditor,62
747,759,Auditor,184
747,764,Auditor,28
747,483,Auditor,121
747,345,Manager,178
748,30,Auditor,199
748,659,Developer,118
748,696,Developer,96
749,77,Developer,97
749,107,Analyst,174
749,387,Analyst,15
749,279,Auditor,58
750,240,Auditor,180
750,259,Developer,116
751,885,Analyst,112
751,668,Tester,62
752,203,Developer,58
753,800,Tester,192
753,622,Manager,21
753,964,Manager,132
753,511,Manager,59
754,989,Auditor,20
754,224,Manager,110
754,379,Analyst,150
754,744,Tester,198
755,822,Developer,28
755,57,Manager,153
755,785,Auditor,11
756,560,Auditor,86
756,506,Auditor,125
756,233,Tester,164
756,214,Tester,94
756,476,Tester,43
757,77,Analyst,169
757,628,Auditor,191
757,7,Developer,34
757,554,Analyst,195
757,193,Manager,191
758,402,Manager,43
758,550,Manager,45
758,177,Manager,150
759,938,Tester,60
759,983,Tester,166
759,411,Developer,188
759,789,Auditor,113
760,284,Analyst,62
760,934,Manager,168
760,544,Manager,70
760,582,Tester,194
761,239,Developer,49
761,146,Tester,153
761,779,Developer,157
761,505,Manager,72
761,279,Analyst,129
762,427,Developer,58
763,240,Auditor,188
763,681,Manager,116
764,277,Auditor,117
764,409,Manager,116
765,204,Developer,138
766,851,Developer,66
766,414,Tester,16
767,464,Developer,168
767,437,Tester,97
767,484,Auditor,150
767,309,Developer,88
768,831,Analyst,146
768,783,Manager,189
768,918,Analyst,153
768,983,Analyst,116
768,330,Analyst,69
769,10,Analyst,151
770,169,Developer,176
770,490,Auditor,33
771,702,Tester,132
772,593,Tester,126
772,614,Developer,93
772,590,Auditor,110
772,274,Analyst,179
773,120,Auditor,57
773,512,Analyst,108
773,750,Developer,54
773,572,Developer,75
774,207,Developer,88
774,616,Analyst,38
774,212,Analyst,183
774,214,Auditor,176
775,129,Manager,71
775,335,Tester,178
776,202,Analyst,163
776,661,Developer,56
776,449,Auditor,68
776,373,Auditor,105
776,377,Developer,171
777,624,Manager,122
778,348,Tester,170
778,998,Analyst,78
778,751,Manager,181
779,303,Developer,156
780,100,Auditor,154
780,749,Auditor,38
780,769,Developer,157
781,745,Developer,120
782,88,Developer,166
782,935,Analyst,184
782,591,Analyst,179
782,300,Auditor,19
783,915,Developer,104
783,876,Tester,81
784,420,Tester,173
784,294,Tester,95
784,194,Manager,27
784,363,Analyst,148
784,442,Analyst,189
785,92,Manager,145
785,234,Manager,106
786,687,Analyst,133
786,118,Tester,167
786,79,Auditor,114
787,378,Analyst,21
788,96,Manager,86
789,317,Tester,90
789,70,Tester,42
790,895,Analyst,102
790,119,Manager,166
790,724,Manager,23
790,823,Auditor,75
790,388,Analyst,135
791,437,Developer,200
791,903,Manager,11
791,243,Auditor,178
791,792,Manager,15
791,463,Tester,78
792,629,Analyst,35
792,696,Manager,156
792,871,Developer,127
793,944,Manager,137
793,788,Tester,58
793,396,Tester,57
794,261,Tester,22
794,574,Analyst,86
795,946,Tester,183
795,842,Analyst,173
795,615,Developer,91
795,824,Manager,59
796,231,Developer,82
796,988,Auditor,114
796,765,Analyst,41
796,724,Tester,37
796,997,Manager,33
797,963,Auditor,49
797,491,Analyst,102
798,870,Manager,51
798,504,Manager,101
798,289,Manager,92
799,715,Manager,176
800,461,Analyst,97
800,793,Analyst,36
800,349,Analyst,82
801,976,Tester,67
801,772,Manager,22
801,149,Auditor,68
802,441,Analyst,180
802,879,Manager,200
803,803,Analyst,154
803,112,Analyst,31
803,363,Manager,126
803,587,Analyst,188
803,960,Developer,142
804,916,Manager,124
805,698,Tester,42
805,975,Developer,80
805,514,Developer,17
805,307,Analyst,43
805,55,Analyst,172
806,663,Developer,134
806,955,Developer,10
806,839,Auditor,179
806,691,Tester,56
806,591,Auditor,86
807,51,Analyst,70
808,393,Tester,51
808,136,Tester,119
808,123,Analyst,163
808,655,Auditor,181
809,956,Developer,59
809,54,Manager,172
809,936,Auditor,105
810,80,Developer,15
811,80,Analyst,77
811,500,Manager,74
811,293,Auditor,33
811,740,Tester,68
812,889,Analyst,39
812,79,Tester,170
812,910,Developer,182
812,622,Developer,47
812,250,Tester,149
813,243,Developer,180
813,370,Auditor,188
813,233,Analyst,39
813,190,Auditor,97
813,338,Manager,40
814,694,Tester,66
814,284,Tester,33
814,956,Tester,159
814,890,Auditor,110
814,914,Analyst,120
815,164,Developer,78
815,373,Developer,117
815,916,Analyst,184
816,970,Manager,166
816,292,Auditor,182
816,461,Auditor,90
816,246,Tester,108
817,956,Auditor,180
817,77,Tester,152
817,967,Analyst,46
817,875,Analyst,10
817,730,Tester,69
818,337,Tester,122
818,497,Analyst,21
818,619,Tester,102
819,667,Analyst,14
819,95,Analyst,126
820,879,Developer,78
820,729,Analyst,53
820,874,Auditor,120
820,178,Manager,25
821,231,Auditor,116
822,354,Tester,162
822,542,Analyst,180
822,462,Manager,122
822,47,Analyst,10
822,844,Developer,188
823,124,Analyst,28
823,763,Developer,13
823,911,Manager,183
823,616,Tester,49
824,710,Developer,34
824,143,Manager,41
824,653,Developer,179
824,323,Analyst,168
824,589,Analyst,57
825,191,Tester,48
826,477,Auditor,167
826,683,Auditor,10
826,739,Analyst,46
826,731,Auditor,11
827,771,Tester,107
827,220,Developer,129
827,613,Developer,128
827,137,Manager,123
827,287,Manager,37
828,794,Manager,59
829,588,Manager,11
829,580,Developer,165
829,795,Manager,45
830,857,Tester,97
830,845,Manager,136
830,105,Analyst,18
831,92,Auditor,96
832,256,Tester,154
833,970,Tester,15
834,257,Manager,102
834,812,Analyst,80
834,937,Analyst,161
834,412,Developer,108
834,292,Auditor,148
835,274,Tester,119
835,872,Auditor,173
835,558,Manager,25
835,687,Manager,93
835,701,Tester,122
836,127,Manager,157
836,205,Analyst,124
837,51,Analyst,109
837,447,Auditor,53
837,39,Analyst,174
837,30,Manager,167
837,727,Developer,182
838,6,Analyst,79
839,550,Auditor,117
840,600,Manager,112
840,610,Tester,10
841,305,Auditor,110
841,181,Manager,11
841,279,Analyst,146
841,518,Tester,194
841,622,Manager,107
842,240,Analyst,181
842,765,Auditor,91
842,267,Manager,140
843,121,Manager,30
844,763,Manager,21
844,747,Developer,189
844,686,Auditor,83
844,474,Auditor,17
844,871,Manager,123
845,637,Analyst,16
845,53,Analyst,122
845,944,Tester,76
845,389,Auditor,135
845,742,Tester,187
846,912,Analyst,125
846,987,Tester,21
846,438,Auditor,10
847,572,Analyst,152
847,776,Analyst,178
847,727,Manager,56
847,929,Developer,72
848,452,Tester,95
848,55,Manager,132
848,307,Manager,69
848,104,Manager,200
849,89,Tester,13
849,519,Auditor,69
850,42,Developer,199
851,673,Analyst,60
852,827,Auditor,189
853,851,Analyst,181
853,517,Developer,85
854,466,Tester,138
855,84,Manager,62
855,890,Auditor,148
856,695,Analyst,63
856,544,Auditor,82
857,203,Analyst,133
857,945,Analyst,144
857,522,Tester,174
858,113,Developer,38
858,104,Analyst,40
858,952,Developer,106
859,301,Auditor,143
859,226,Analyst,30
860,224,Auditor,92
861,332,Manager,51
861,256,Developer,30
862,36,Analyst,85
862,851,Analyst,130
862,186,Developer,94
862,238,Auditor,53
863,264,Analyst,125
863,604,Auditor,67
863,822,Developer,86
863,539,Developer,80
863,339,Tester,181
864,417,Auditor,115
864,257,Analyst,52
864,43,Manager,177
864,440,Manager,45
864,784,Manager,49
865,58,Manager,116
865,795,Developer,50
866,713,Analyst,113
866,43,Auditor,194
866,72,Auditor,75
866,613,Tester,62
866,94,Developer,69
867,23,Auditor,32
867,105,Tester,163
867,622,Manager,65
867,554,Auditor,197
868,586,Analyst,15
869,984,Tester,100
869,122,Tester,27
869,968,Analyst,40
869,19,Auditor,170
869,622,Manager,180
870,653,Manager,144
870,236,Manager,162
870,162,Tester,111
870,992,Manager,25
870,792,Tester,78
871,665,Auditor,146
871,480,Manager,94
871,691,Tester,133
871,697,Analyst,121
872,845,Developer,186
872,461,Analyst,106
872,835,Tester,112
872,501,Auditor,97
872,942,Tester,170
873,612,Manager,150
873,389,Auditor,68
873,988,Developer,191
873,102,Auditor,34
874,517,Auditor,140
875,48,Tester,200
876,370,Manager,104
876,566,Developer,166
876,539,Tester,146
876,948,Tester,67
876,585,Developer,151
877,289,Analyst,168
877,911,Auditor,111
877,784,Auditor,156
877,144,Manager,195
878,129,Analyst,190
879,83,Auditor,170
879,851,Developer,147
880,281,Developer,31
880,596,Developer,11
881,269,Analyst,47
881,482,Manager,119
881,961,Tester,31
882,366,Manager,30
882,476,Developer,70
882,318,Tester,54
882,478,Auditor,191
882,875,Analyst,33
883,884,Analyst,175
883,588,Auditor,52
884,8,Manager,121
884,879,Manager,119
884,511,Auditor,44
884,812,Manager,182
884,563,Tester,41
885,642,Manager,63
885,729,Manager,44
885,950,Auditor,156
886,86,Auditor,136
886,986,Auditor,57
886,863,Tester,184
886,602,Auditor,105
886,976,Analyst,64
887,510,Manager,165
887,223,Tester,131
888,647,Manager,162
889,563,Analyst,124
890,39,Manager,198
890,133,Developer,174
891,391,Manager,16
891,313,Analyst,180
891,674,Manager,30
891,555,Manager,92
892,992,Manager,107
892,549,Tester,62
892,868,Manager,53
892,603,Analyst,112
893,39,Developer,198
893,167,Tester,82
893,470,Developer,17
893,817,Auditor,13
894,108,Analyst,49
894,891,Manager,127
894,689,Tester,161
895,711,Tester,84
895,707,Manager,194
895,665,Analyst,194
895,805,Tester,80
896,914,Analyst,195
896,418,Manager,147
897,285,Analyst,67
898,164,Manager,79
898,720,Tester,97
899,289,Developer,157
899,77,Tester,104
899,175,Developer,171
899,131,Analyst,114
900,963,Tester,89
900,719,Developer,37
900,366,Tester,122
900,204,Analyst,70
900,893,Developer,55
901,579,Manager,36
901,793,Tester,80
901,611,Manager,98
901,984,Auditor,171
902,777,Auditor,34
903,119,Manager,183
903,573,Manager,56
904,814,Developer,87
904,29,Auditor,42
905,74,Tester,75
905,530,Developer,53
905,856,Analyst,112
905,160,Tester,40
906,626,Manager,83
907,846,Developer,46
907,922,Developer,27
908,246,Auditor,102
908,886,Manager,170
908,808,Auditor,108
908,184,Manager,10
909,61,Developer,194
910,313,Analyst,67
910,115,Analyst,153
910,907,Auditor,187
910,241,Manager,49
911,143,Developer,77
912,840,Tester,131
912,520,Developer,58
913,241,Developer,189
913,921,Tester,175
913,855,Auditor,132
913,779,Manager,153
914,538,Developer,74
914,930,Tester,78
914,663,Manager,135
914,823,Manager,73
915,648,Developer,22
915,445,Auditor,75
915,594,Auditor,185
915,164,Tester,89
916,307,Manager,98
917,321,Developer,73
917,607,Tester,51
918,74,Manager,17
919,228,Auditor,168
919,966,Analyst,110
919,890,Analyst,170
919,993,Manager,167
920,292,Tester,184
920,512,Auditor,105
920,617,Analyst,32
920,544,Analyst,101
921,864,Tester,124
921,105,Tester,136
921,272,Tester,37
921,265,Auditor,73
922,117,Auditor,12
922,553,Analyst,137
922,438,Tester,68
923,811,Developer,23
924,673,Auditor,192
924,298,Developer,148
924,672,Tester,197
924,696,Manager,107
925,467,Tester,58
926,363,Manager,29
927,890,Auditor,85
928,764,Manager,39
928,468,Developer,181
928,695,Tester,49
928,898,Developer,151
928,159,Analyst,21
929,328,Tester,119
929,220,Developer,132
930,374,Developer,183
930,274,Analyst,123
930,900,Analyst,31
930,944,Manager,106
930,549,Tester,150
931,305,Analyst,121
931,310,Tester,58
931,307,Manager,56
932,864,Manager,97
932,297,Manager,97
932,556,Auditor,11
932,266,Developer,119
933,228,Analyst,157
934,475,Developer,69
935,766,Tester,107
935,338,Tester,122
936,647,Manager,25
936,158,Developer,24
936,461,Auditor,11
936,510,Tester,142
936,95,Manager,40
937,445,Manager,29
937,122,Auditor,146
937,659,Analyst,34
937,590,Auditor,188
937,965,Auditor,200
938,152,Developer,87
938,271,Manager,52
938,15,Manager,191
938,885,Auditor,170
938,207,Auditor,141
939,632,Manager,92
939,326,Tester,69
940,764,Analyst,191
941,884,Analyst,173
941,608,Analyst,28
941,936,Auditor,133
941,830,Manager,60
942,577,Tester,106
942,872,Manager,176
942,506,Analyst,26
943,505,Developer,153
943,166,Tester,125
943,715,Tester,24
943,987,Tester,65
944,375,Manager,114
945,978,Auditor,180
945,290,Analyst,198
946,777,Analyst,42
946,674,Auditor,187
946,591,Tester,194
946,252,Analyst,86
947,674,Analyst,160
947,53,Analyst,193
947,523,Analyst,167
947,345,Manager,154
947,79,Tester,57
948,767,Tester,200
949,147,Developer,175
949,459,Analyst,169
950,20,Analyst,171
950,277,Developer,15
951,785,Developer,11
951,435,Analyst,124
951,397,Analyst,108
951,37,Manager,198
951,626,Manager,176
952,162,Auditor,28
952,115,Developer,69
952,751,Auditor,122
953,80,Auditor,118
953,726,Analyst,57
953,424,Tester,181
953,514,Developer,196
953,264,Manager,23
954,405,Tester,139
954,595,Tester,20
955,827,Tester,83
955,516,Auditor,157
955,702,Tester,62
955,816,Developer,96
956,425,Analyst,63
956,271,Tester,20
956,351,Developer,156
956,764,Manager,192
956,549,Analyst,42
957,229,Tester,28
957,328,Auditor,186
957,501,Manager,136
957,130,Manager,92
958,941,Auditor,128
958,129,Tester,165
958,704,Analyst,157
958,986,Manager,73
959,354,Manager,82
959,376,Developer,112
960,975,Analyst,47
960,951,Tester,51
961,628,Tester,80
961,218,Manager,146
961,958,Analyst,200
962,626,Analyst,97
962,924,Developer,32
962,795,Manager,112
962,576,Auditor,115
963,15,Manager,43
964,804,Analyst,55
964,202,Manager,117
964,528,Developer,141
965,204,Developer,60
965,769,Manager,188
965,249,Tester,47
966,925,Manager,29
966,700,Auditor,58
966,412,Tester,146
967,109,Manager,186
967,674,Manager,79
968,219,Auditor,116
968,946,Auditor,17
968,339,Auditor,193
969,43,Developer,130
969,559,Manager,52
969,513,Manager,104
969,133,Tester,97
970,538,Auditor,29
970,901,Developer,167
970,892,Tester,160
970,524,Analyst,19
970,492,Developer,102
971,180,Auditor,29
971,710,Tester,53
971,376,Auditor,147
972,414,Auditor,46
972,797,Developer,200
972,927,Analyst,73
972,318,Tester,174
972,59,Manager,133
973,741,Developer,75
974,400,Manager,37
974,674,Tester,24
974,718,Analyst,66
974,613,Auditor,193
975,685,Manager,197
976,244,Auditor,155
976,422,Analyst,32
976,1,Developer,71
976,282,Developer,179
977,783,Analyst,31
977,677,Tester,33
978,994,Auditor,182
978,719,Auditor,117
978,591,Analyst,23
978,996,Tester,95
979,584,Manager,103
980,948,Developer,169
981,872,Auditor,35
981,707,Analyst,45
981,352,Analyst,190
981,44,Analyst,182
981,710,Analyst,150
982,866,Analyst,85
982,43,Manager,43
982,270,Tester,87
982,555,Tester,139
983,721,Manager,68
983,328,Tester,72
983,902,Tester,29
983,362,Developer,154
984,364,Auditor,136
984,472,Analyst,20
984,892,Tester,169
984,970,Manager,159
984,319,Tester,111
985,250,Tester,152
985,545,Analyst,129
985,370,Manager,144
985,384,Developer,139
986,557,Auditor,124
986,685,Manager,77
987,607,Auditor,194
987,588,Auditor,196
988,896,Analyst,26
989,513,Developer,168
989,507,Tester,154
990,269,Manager,127
990,328,Manager,166
990,469,Analyst,97
991,371,Tester,72
991,123,Tester,173
991,916,Tester,171
991,920,Tester,82
992,910,Developer,42
992,21,Analyst,40
992,217,Auditor,125
992,511,Auditor,32
993,414,Developer,127
993,748,Auditor,125
993,632,Manager,167
994,835,Developer,164
994,520,Auditor,113
995,329,Tester,192
995,504,Manager,116
995,473,Developer,156
995,931,Auditor,173
995,956,Manager,64
996,318,Manager,145
996,424,Analyst,61
996,339,Manager,58
996,327,Manager,107
997,71,Manager,135
997,20,Auditor,146
997,23,Manager,151
998,81,Auditor,131
998,717,Auditor,176
998,191,Tester,87
999,649,Analyst,155
999,53,Manager,10
999,270,Analyst,41
999,635,Auditor,167
1000,55,Developer,57
1000,360,Analyst,120
