EmployeeID,FirstName,LastName,DepartmentID,Salary,HireDate
1,Lori,Griffith,103,75838,2018-10-14
2,Adam,Thompson,104,101946,2023-02-18
3,Virginia,Valdez,105,92088,2022-09-18
4,Donna,Wilson,103,47323,2023-02-22
5,Logan,Key,102,67298,2023-07-31
6,Michele,Smith,104,52499,2017-02-26
7,Sara,Ellis,103,45848,2024-12-14
8,Philip,Payne,104,53571,2020-05-13
9,David,Jacobs,105,40792,2021-08-03
10,Mike,Tran,104,97645,2017-07-01
11,Kathy,Gordon,105,118851,2018-04-25
12,Emily,Delacruz,104,71680,2016-05-01
13,Robert,Hernandez,104,42696,2018-01-16
14,Patrick,Johnson,105,69448,2017-04-14
15,Jasmine,Hernandez,105,76104,2022-12-06
16,Elizabeth,Cook,103,53953,2019-10-05
17,Mary,Shannon,104,83000,2018-12-16
18,Michael,Wilkerson,102,43628,2024-09-15
19,Krystal,Richardson,105,53657,2021-01-31
20,Jack,Robinson,101,110965,2017-08-08
21,Darren,Dominguez,103,99572,2017-07-09
22,Christopher,Ashley,104,70428,2015-09-18
23,Philip,Garcia,103,69626,2021-12-09
24,Danielle,Clayton,101,63314,2021-12-07
25,Benjamin,Lucas,104,50756,2018-07-07
26,Jeffrey,Turner,101,111425,2023-05-13
27,William,Wilson,103,42418,2020-04-09
28,Ethan,Combs,103,52702,2018-01-28
29,Claudia,Mcclain,102,92086,2023-08-16
30,Connie,Arias,102,86009,2020-02-09
31,Kimberly,Perez,102,47678,2021-05-15
32,Laura,Mills,102,90096,2018-05-06
33,Tyler,Charles,102,107132,2021-07-23
34,Donna,House,102,99885,2019-06-03
35,Robert,Jensen,103,84886,2019-04-24
36,Robert,Nelson,103,41477,2017-12-30
37,Melissa,Smith,101,112909,2021-11-09
38,Joshua,Summers,103,111533,2017-09-05
39,Rhonda,Gibbs,105,95375,2016-07-13
40,Tracie,Harris,102,76622,2020-11-03
41,Cindy,Robertson,104,101760,2015-06-03
42,Jonathan,Dominguez,104,87986,2016-01-10
43,Edward,Drake,105,68423,2020-07-10
44,Matthew,Waters,102,68943,2020-02-15
45,Michael,Johnson,102,53967,2020-05-14
46,Adam,Taylor,104,99016,2022-06-21
47,Brandon,Johnson,104,68567,2023-06-02
48,Sharon,Sweeney,102,91899,2024-12-07
49,Joseph,Brock,104,49835,2024-04-18
50,Chad,Tran,105,90423,2022-04-11
51,Heather,Montgomery,103,82010,2022-10-06
52,Brittany,Martin,102,50567,2022-03-22
53,Nicole,Gardner,102,69297,2020-08-12
54,Samuel,Porter,104,94459,2024-02-12
55,Austin,Roberts,104,89286,2017-04-04
56,Mary,Williams,102,78758,2019-03-25
57,Julian,Smith,103,85982,2019-09-21
58,Julia,Gilbert,104,71145,2022-08-23
59,Ronald,Bishop,102,83333,2016-09-09
60,Donna,Espinoza,104,49687,2018-08-14
61,Jenny,Miles,105,41558,2023-03-23
62,Karen,Hudson,103,86011,2024-01-13
63,Mark,Michael,101,95059,2024-10-20
64,Omar,Gomez,104,77233,2025-03-15
65,Benjamin,Keller,105,47843,2025-01-13
66,Kathy,Shaw,105,88144,2021-12-25
67,Kevin,Mcdowell,102,65353,2016-03-01
68,Brandon,Turner,101,86348,2016-12-05
69,Joseph,Morrison,101,97505,2024-09-02
70,Kathy,Parks,104,119945,2025-04-05
71,Roy,Terrell,102,82887,2019-03-31
72,Mark,Stephens,102,92318,2023-05-09
73,Tanya,Chase,103,104732,2022-08-21
74,Amanda,Curtis,103,45156,2024-07-11
75,Emma,Perez,105,58353,2025-01-15
76,Nicole,Hernandez,104,58426,2018-12-11
77,Laura,Gonzalez,105,108384,2023-04-20
78,Veronica,Good,102,51133,2024-06-06
79,Annette,Bailey,103,86504,2016-01-26
80,Jeffrey,Lamb,101,87823,2022-02-12
81,Nicole,Davis,103,61537,2015-08-20
82,Colleen,Young,101,78783,2019-05-15
83,James,Mckinney,102,81129,2017-05-27
84,Stacy,Kelley,101,83941,2019-08-10
85,Andrea,Salas,103,75812,2018-10-16
86,Courtney,Lucero,103,73097,2022-11-07
87,Jasmin,Wells,102,63001,2015-09-14
88,Deanna,Park,102,56447,2018-11-21
89,Kayla,Barker,105,112398,2024-11-20
90,Nicholas,Weaver,101,105230,2025-01-14
91,Kelly,Shelton,101,101915,2015-07-19
92,Willie,Berry,102,76238,2020-06-01
93,Raymond,Chandler,101,51549,2022-02-05
94,Jacob,Ramirez,103,107731,2017-06-11
95,Amanda,Martin,105,44768,2018-12-16
96,David,Dawson,101,86535,2021-09-27
97,Nicole,Little,105,64204,2020-12-22
98,Emily,Baker,102,108595,2021-11-18
99,Daniel,Robinson,101,62076,2016-11-09
100,Juan,Fleming,103,106193,2019-02-23
101,John,Alvarez,104,114449,2015-08-28
102,Anna,Hicks,101,59492,2021-02-08
103,Whitney,Holmes,102,64850,2019-04-21
104,Amy,Allen,102,49899,2018-06-09
105,John,Howe,103,118379,2017-07-27
106,Heather,Long,102,92947,2024-12-11
107,Cindy,Vaughan,101,69906,2016-09-28
108,David,Rodriguez,102,75259,2023-09-24
109,Megan,Fuller,101,118077,2017-11-16
110,Tanya,Gaines,102,77070,2023-05-10
111,Greg,Evans,105,77704,2016-06-04
112,Rachel,Melton,101,76265,2022-02-11
113,Christian,Farley,101,87496,2017-08-22
114,Kevin,Mendez,102,62957,2021-10-26
115,Cynthia,Kelly,102,65771,2023-11-08
116,Mark,Pierce,105,46647,2024-02-29
117,Nicole,Giles,102,75648,2020-07-12
118,Eric,Cox,101,104566,2018-04-19
119,Richard,Turner,104,58753,2015-06-24
120,Christine,Collins,103,48760,2022-07-23
121,Megan,Morton,105,84349,2016-08-13
122,Christopher,Singleton,104,69807,2017-11-29
123,Curtis,Barrera,105,102067,2017-05-26
124,Michelle,Melton,103,97039,2015-09-05
125,Adam,Brown,102,83073,2018-06-30
126,Joe,Johnson,102,84268,2024-08-02
127,John,Duran,103,53858,2018-10-27
128,Michael,Robinson,103,106463,2016-08-05
129,Susan,Myers,103,51110,2021-10-07
130,Gary,Jones,104,102953,2022-02-07
131,Tony,Kerr,101,49915,2024-08-28
132,Elizabeth,Waters,104,114349,2023-04-24
133,Stacy,Fields,105,73469,2022-04-30
134,Gregory,Allen,103,78938,2019-12-04
135,Susan,Jones,102,102774,2017-12-26
136,Katherine,Huffman,105,48288,2015-07-21
137,Anthony,Johnson,101,78670,2024-09-17
138,Larry,Davidson,101,46748,2023-10-20
139,Linda,Sims,102,70626,2020-06-27
140,Michael,Nelson,103,80210,2024-10-21
141,Laura,Martin,101,70081,2024-03-30
142,Samantha,Taylor,103,115121,2020-03-04
143,Jonathan,Washington,105,82800,2023-09-03
144,William,Avery,103,78550,2021-11-02
145,Kristine,Duran,102,72988,2022-03-13
146,Deanna,Martinez,102,53160,2024-11-03
147,Jessica,Reed,101,117256,2020-06-26
148,Melissa,Dickson,103,75895,2016-06-21
149,Kristina,Wise,101,66477,2015-11-24
150,Colin,Wallace,101,55489,2019-06-27
151,Teresa,Buchanan,103,87704,2024-09-04
152,Evan,Bowers,101,79877,2022-02-19
153,Stephanie,Wilson,105,71859,2023-05-30
154,Donna,Wagner,102,80657,2025-04-04
155,Austin,Norman,101,40935,2017-09-26
156,Terri,Patterson,102,44591,2019-02-07
157,Wanda,Allen,104,94857,2021-07-29
158,Edward,Knapp,104,117413,2024-09-05
159,Brandy,English,103,84249,2019-11-05
160,Tina,Freeman,103,63448,2017-12-01
161,Teresa,Valencia,104,71096,2024-10-30
162,Richard,Wilson,104,46510,2018-06-10
163,Michael,Taylor,105,98654,2016-03-18
164,Jeremy,Jackson,103,61871,2017-09-21
165,Chase,King,104,62148,2018-01-26
166,Daniel,Clark,101,51971,2023-10-18
167,Michael,Maldonado,104,69768,2021-08-10
168,Patrick,Miranda,104,49460,2017-04-20
169,Kari,Galloway,105,74738,2017-02-07
170,Mark,Aguilar,104,48939,2021-10-06
171,Gary,Bailey,105,44112,2024-10-07
172,Rebecca,Wade,103,71435,2015-07-08
173,Linda,Mendoza,103,72350,2015-05-29
174,Donald,Howell,105,91325,2016-11-10
175,Sara,Green,104,90974,2024-12-01
176,Melissa,Knight,105,87593,2024-07-02
177,Jessica,Rodriguez,102,110495,2017-03-01
178,Brian,Schwartz,101,79267,2021-01-17
179,Tina,Aguilar,103,85410,2019-05-22
180,Grace,Gonzales,105,112791,2020-05-02
181,Matthew,Bishop,101,40726,2021-08-10
182,Charles,Ferguson,101,71340,2018-04-21
183,Taylor,Webb,105,116415,2016-07-20
184,Terri,Dillon,102,66373,2022-10-14
185,Christopher,Barnes,104,104584,2021-12-30
186,Shelly,Lee,104,67154,2023-04-03
187,Kenneth,Burgess,102,114440,2016-05-27
188,Richard,Wallace,101,102059,2020-01-18
189,James,Edwards,105,72357,2016-11-02
190,Matthew,Lewis,104,88456,2017-03-28
191,Thomas,Schwartz,101,86362,2020-03-05
192,Priscilla,Black,102,113763,2023-04-14
193,Dana,Martinez,104,82454,2020-03-29
194,Devin,Colon,103,48745,2021-01-26
195,Danielle,Logan,101,65583,2021-02-07
196,Carly,Reed,103,74554,2018-08-30
197,Brittney,Dawson,101,98610,2024-02-21
198,Rodney,Schmitt,101,99886,2025-03-26
199,John,Johnston,102,71808,2021-12-16
200,Joel,Williams,101,103133,2023-01-04
201,Cody,Stanley,103,109942,2022-10-12
202,Yolanda,Vasquez,101,77928,2021-06-09
203,Becky,Phillips,101,97844,2025-03-24
204,Paige,White,103,50745,2025-03-27
205,Natasha,Mcgrath,105,113321,2018-03-11
206,Ryan,Torres,105,63006,2016-03-27
207,Madison,Jimenez,101,71428,2023-06-21
208,Kristine,Jones,101,54394,2024-10-30
209,Wayne,Lambert,104,66333,2018-08-10
210,Susan,Mullins,104,61848,2022-07-13
211,Jeffery,Merritt,102,71733,2024-07-16
212,Emily,Nguyen,105,73955,2020-11-12
213,Robert,Martin,101,118099,2017-07-22
214,Dylan,Sweeney,103,115998,2022-10-13
215,Jeremy,Sanchez,105,115086,2019-05-19
216,Shawn,Lawson,101,82064,2017-04-29
217,Jasmine,Clark,104,84546,2022-05-01
218,Nancy,Ryan,102,45789,2017-07-19
219,Ashlee,Bell,101,119805,2016-11-27
220,Ronnie,Martinez,103,86960,2022-12-29
221,George,Garza,105,64210,2023-03-31
222,Amy,Burke,102,106775,2022-11-15
223,Robert,Young,105,106998,2018-02-08
224,Kimberly,Curry,105,65548,2023-05-17
225,Sean,Perez,105,77377,2022-09-26
226,Angela,Garcia,103,111131,2018-01-21
227,David,Douglas,104,88910,2016-03-26
228,Brian,Nunez,102,117074,2016-10-18
229,Shelby,Ortiz,105,87831,2019-05-15
230,Christine,Underwood,103,52274,2019-06-27
231,Darin,Salazar,102,107657,2019-10-26
232,Sheila,Hill,102,108554,2017-08-07
233,Joseph,Patterson,102,114593,2020-12-29
234,Julia,Matthews,101,64114,2018-07-07
235,Andrew,Yoder,103,102427,2021-02-07
236,Sarah,Daniels,103,87229,2019-12-01
237,Samantha,Davis,101,116319,2024-03-10
238,John,Morris,102,102865,2020-08-29
239,Susan,Cooper,101,73926,2016-08-18
240,David,Livingston,104,54263,2021-04-09
241,Michael,Hardy,101,78818,2015-09-19
242,Sherry,Jones,105,69855,2018-12-14
243,Tiffany,Sutton,104,94072,2020-08-01
244,Rachel,Allen,101,52847,2024-10-25
245,Michael,Bradshaw,102,113675,2022-12-17
246,Tara,Jones,102,86543,2016-01-25
247,Shane,Bailey,103,53869,2019-12-04
248,Clayton,Flynn,102,116881,2022-05-21
249,John,Wagner,101,106268,2017-09-02
250,Heather,Mendez,105,75988,2023-07-26
251,Kimberly,Cohen,103,67797,2023-09-20
252,Amber,Reynolds,103,118194,2025-03-05
253,Michael,Taylor,103,46528,2023-11-29
254,Jennifer,Brown,101,80839,2022-10-01
255,Bethany,Hernandez,105,94772,2024-09-21
256,Brett,Huffman,103,107205,2015-09-25
257,Thomas,Fuller,103,79315,2023-04-17
258,Tyler,Jackson,102,87701,2021-04-07
259,Susan,Goodwin,103,98288,2019-11-10
260,Susan,Johnson,105,114151,2025-01-24
261,Sean,Anderson,103,91574,2022-08-14
262,Debbie,Fitzgerald,105,57297,2017-02-04
263,Melissa,Rios,104,41638,2017-12-05
264,Patrick,Rogers,105,89398,2018-02-13
265,Carla,Pierce,101,64391,2015-08-22
266,Mark,Hill,105,59719,2024-12-04
267,William,Smith,104,65914,2020-09-29
268,Krista,Booth,103,86814,2022-03-09
269,Manuel,Martinez,101,44557,2022-01-16
270,Richard,Richardson,101,69243,2015-12-02
271,Tom,Walsh,105,114439,2021-02-04
272,Kristen,Crawford,104,80492,2023-10-19
273,Diane,Campbell,104,44784,2021-10-27
274,Amy,Clark,101,99353,2019-05-24
275,Derek,Jackson,102,92269,2018-11-24
276,Sean,Gilbert,103,63243,2022-11-04
277,Tonya,Orozco,104,89037,2021-07-28
278,Jennifer,Cox,105,56288,2017-08-30
279,Kimberly,Clark,101,82343,2019-05-02
280,Megan,Roberts,104,56132,2022-09-10
281,Sabrina,Lee,104,72160,2017-10-27
282,Levi,Ortiz,103,42609,2019-06-14
283,Jon,West,105,103474,2015-10-16
284,Beverly,Garcia,103,56061,2016-01-16
285,Lisa,Russell,102,94802,2021-04-12
286,Margaret,Archer,105,118940,2023-03-21
287,Christina,Anderson,104,70689,2023-02-21
288,Dominique,Hayes,101,47383,2017-01-01
289,Thomas,Hooper,102,101698,2021-03-22
290,Clinton,Potter,105,64006,2024-12-11
291,Catherine,Scott,103,104472,2021-08-25
292,Randy,Hess,105,95478,2016-02-26
293,Michelle,Smith,103,50642,2018-07-19
294,Lisa,Woods,102,108918,2023-12-12
295,Brian,Smith,102,79699,2016-10-27
296,Christopher,Nguyen,103,107797,2020-04-14
297,Michelle,Hayes,103,103957,2016-06-23
298,Misty,Anderson,103,99376,2023-09-28
299,Chad,Vega,105,66945,2024-09-28
300,Melissa,Smith,101,93240,2021-07-26
301,Chloe,Collier,103,116389,2018-04-18
302,Andrew,Allen,101,61360,2020-12-02
303,Stacie,Donaldson,103,53528,2019-05-02
304,Lori,Kramer,101,88226,2021-02-28
305,Chelsea,Sanchez,101,47873,2021-01-12
306,Kevin,Moore,103,110497,2020-06-15
307,Michael,Lucas,105,68476,2016-01-15
308,Jennifer,Hill,103,86538,2023-11-19
309,Jacob,Graham,104,102869,2017-10-03
310,Ann,Mosley,103,68844,2015-12-07
311,Robert,Gonzales,103,81778,2017-03-20
312,Sandra,Bradley,105,64673,2019-05-17
313,Shannon,Johnson,101,95224,2019-03-13
314,Bruce,Sanchez,104,114534,2025-02-02
315,Jesse,Summers,105,56127,2018-05-08
316,Kevin,Miller,101,103824,2024-02-15
317,Daniel,Turner,104,114876,2022-11-23
318,Amber,Adams,105,62053,2023-02-22
319,Matthew,Chapman,101,88641,2017-06-03
320,Allison,Brown,103,116973,2021-04-08
321,Anna,Rios,103,68491,2016-09-23
322,Tanya,Gonzales,103,99079,2023-06-07
323,Rachel,Mcmillan,104,85530,2024-09-29
324,Jean,Keller,102,79571,2018-09-26
325,David,Kennedy,103,66814,2018-11-30
326,Anthony,Lopez,101,98066,2024-08-06
327,Tanya,Herring,102,108985,2020-02-28
328,Melissa,Wheeler,105,85313,2023-06-16
329,Ellen,Miller,104,107364,2021-05-04
330,Claire,White,105,60917,2025-01-18
331,Patrick,Cook,101,42430,2024-04-27
332,Brianna,Davis,105,45508,2020-05-10
333,Michael,Patterson,103,103069,2023-05-14
334,Ryan,Hernandez,102,64365,2015-07-23
335,Steven,Wilkerson,105,69835,2021-10-05
336,Lynn,Robles,105,76938,2024-05-10
337,Karen,Herring,103,40265,2022-02-13
338,Matthew,Williams,104,44937,2024-03-16
339,Christian,Hansen,101,83846,2020-04-25
340,Jeffrey,Wheeler,101,60539,2019-03-22
341,Robert,Adams,105,64058,2017-09-19
342,Bradley,Martin,103,74435,2021-11-03
343,Jennifer,Johnson,104,87904,2023-05-30
344,Teresa,Hall,105,86396,2020-07-03
345,Sarah,Fox,103,75890,2022-03-17
346,Phillip,Brewer,103,105830,2016-03-20
347,Melissa,Smith,103,54865,2018-12-17
348,Stephanie,Hammond,102,65077,2016-06-26
349,Louis,Mcclain,104,63769,2022-04-07
350,Tracy,Villanueva,104,119561,2016-05-02
351,Joshua,Jackson,104,105799,2016-06-14
352,Katelyn,Nelson,103,44744,2019-04-11
353,Steven,Turner,101,82708,2017-06-02
354,Maria,Wagner,104,115857,2018-07-17
355,Marilyn,Aguilar,103,98374,2015-10-05
356,Travis,Noble,101,71481,2020-05-28
357,Thomas,Thomas,101,109747,2023-05-24
358,Jesus,Contreras,101,100227,2017-10-07
359,Michael,Ayers,103,77100,2022-01-05
360,Peter,Reynolds,102,83455,2023-02-11
361,Brenda,Jones,103,93474,2017-12-09
362,Anna,Curry,101,62233,2019-11-23
363,Mark,Cooke,101,40868,2024-01-20
364,Jason,Phillips,104,95963,2023-02-27
365,Ashley,Farrell,102,98507,2020-06-19
366,Rebecca,Jones,101,52737,2018-09-10
367,Christopher,Raymond,102,55033,2019-10-31
368,Eric,Villarreal,103,106825,2016-09-24
369,Danielle,Hayes,101,86165,2020-05-10
370,Carl,Jackson,102,119286,2023-09-03
371,Amanda,Adams,102,44557,2018-05-21
372,Linda,Rodriguez,104,104156,2015-06-06
373,Nancy,Baker,105,61536,2016-12-11
374,Veronica,Lewis,103,43992,2021-02-04
375,Lance,Torres,104,59813,2025-01-27
376,Eugene,Wagner,102,91054,2024-09-16
377,Ashley,Bennett,105,42790,2020-11-08
378,April,Burgess,104,66869,2024-08-20
379,Cynthia,Meyer,105,41458,2021-07-04
380,Teresa,Greer,104,112627,2015-08-07
381,Natalie,Williams,103,52753,2016-02-16
382,Michelle,Chang,102,76871,2024-06-07
383,Lindsay,Smith,105,103733,2024-03-05
384,Charles,Turner,102,70436,2020-06-22
385,Andrew,Carr,103,46788,2020-12-23
386,Jeremy,Hernandez,102,78708,2023-02-11
387,Heidi,Morgan,102,118953,2015-12-26
388,Philip,Ramirez,105,56688,2018-10-07
389,Kristin,Perez,104,63455,2020-10-23
390,Regina,Gomez,103,116367,2023-01-01
391,Christine,Nichols,104,48770,2024-04-12
392,Matthew,Cooper,101,59551,2016-03-28
393,Shirley,Bowen,102,59569,2021-08-06
394,Nicholas,Wood,101,42403,2018-10-31
395,Holly,Novak,103,79103,2021-07-29
396,Candace,Martin,102,58799,2025-01-24
397,Leslie,Neal,102,45750,2022-02-23
398,Caitlin,Brown,103,85633,2015-05-21
399,Jeffrey,Scott,105,87238,2019-10-01
400,Patricia,Wheeler,104,63285,2022-12-30
401,Megan,Scott,105,63948,2022-09-03
402,Joshua,Hernandez,102,99022,2019-12-23
403,Samuel,Lang,104,45117,2019-09-02
404,David,Gates,103,40142,2018-03-16
405,Sabrina,Fox,102,90833,2015-09-26
406,Nina,Marshall,103,73469,2020-01-17
407,Laura,Gonzalez,101,68165,2021-02-17
408,Daniel,House,102,95285,2022-08-17
409,Jessica,Travis,101,53494,2016-01-18
410,Daniel,Stevens,102,46267,2021-07-16
411,Patricia,Hendricks,105,112384,2019-12-13
412,Pamela,Martin,103,105162,2017-08-22
413,Diane,Owen,101,40875,2016-12-31
414,Kenneth,Lopez,103,117281,2020-01-25
415,Sandra,West,103,111497,2017-02-02
416,Dale,Sanchez,101,68659,2015-12-13
417,Jennifer,Molina,105,40808,2016-05-21
418,Christina,Jennings,105,102072,2016-08-03
419,Logan,Beltran,105,43396,2018-02-12
420,Rachel,Gill,102,90373,2021-12-18
421,Ashley,Kim,103,41037,2017-01-11
422,Timothy,Burns,102,57253,2024-09-21
423,Lynn,Barnett,102,98383,2018-05-28
424,Heidi,Higgins,105,119924,2020-08-19
425,Terri,Berger,104,105831,2018-08-29
426,Greg,Silva,102,116059,2016-04-12
427,Dustin,Beasley,105,64367,2025-01-03
428,Joanna,Miller,101,82149,2017-07-12
429,Laura,Fernandez,105,81716,2019-08-03
430,Michael,Hayes,105,56574,2017-08-02
431,Heather,Moody,101,68259,2018-09-01
432,Jessica,Adams,104,66199,2025-01-03
433,Thomas,Reid,101,118581,2022-03-16
434,Chad,Erickson,105,72895,2017-11-10
435,Kristin,Rowe,103,97169,2021-09-26
436,Maxwell,Jensen,103,73235,2017-08-19
437,Karen,Parker,104,63199,2019-01-01
438,Danielle,Little,103,117828,2024-12-26
439,Linda,Evans,105,116519,2019-02-18
440,Nicole,Frank,102,73007,2016-01-29
441,Bonnie,Garcia,101,62646,2021-02-22
442,Jerry,Bradley,105,40802,2021-09-21
443,James,Schwartz,102,63861,2017-10-04
444,James,Reyes,102,47792,2018-04-08
445,Christopher,White,101,76342,2018-10-31
446,Matthew,Oconnor,104,46924,2017-03-18
447,Brandy,Avery,103,41909,2023-09-25
448,Joshua,Lee,102,94082,2018-04-05
449,Donald,Taylor,101,43832,2020-01-29
450,Jasmine,Diaz,105,71442,2019-05-03
451,Valerie,Park,105,61386,2021-11-26
452,Larry,Scott,104,102454,2023-06-03
453,Brandy,Smith,101,61606,2016-05-24
454,Richard,Mcdaniel,103,50297,2024-04-21
455,Hector,Luna,102,119823,2016-10-20
456,Courtney,Chandler,104,85590,2019-08-31
457,Alan,Carter,104,40053,2017-01-02
458,Matthew,Graham,104,63803,2021-06-06
459,Michael,Beard,102,89241,2022-10-13
460,Karen,Simpson,101,77420,2024-08-07
461,Johnny,Perry,104,60033,2022-01-12
462,Dylan,Taylor,104,101632,2022-05-20
463,Michelle,Carpenter,102,51108,2019-04-18
464,Jillian,Hill,101,79281,2018-12-25
465,Nicole,Costa,102,45331,2017-04-10
466,Cole,Henry,104,72837,2016-09-04
467,Hannah,Ray,101,113713,2022-07-21
468,Jeffrey,Peterson,103,60840,2024-03-03
469,Lance,James,104,62081,2023-11-09
470,Crystal,Morales,101,117212,2022-01-01
471,Matthew,Carlson,101,98822,2025-01-24
472,Rachel,Sherman,104,108458,2022-04-10
473,Ashley,Trevino,102,94263,2022-06-09
474,Regina,Park,101,98329,2022-04-07
475,Edward,Potter,105,40925,2020-10-08
476,Cheryl,Orozco,105,81122,2021-06-25
477,Meghan,Thompson,101,108260,2020-12-27
478,Martha,Sullivan,104,42042,2019-09-11
479,Cory,Gonzalez,102,50733,2022-12-24
480,Crystal,Wilson,102,75553,2021-02-05
481,Timothy,Welch,104,41671,2020-01-25
482,Melissa,Lewis,105,64568,2016-01-05
483,Timothy,Sullivan,102,64912,2015-10-24
484,Courtney,Weber,102,82978,2020-06-02
485,James,Nichols,104,85092,2017-03-31
486,Whitney,Torres,105,52012,2015-12-24
487,Donald,Adams,105,40877,2018-10-22
488,Christina,Andersen,102,111414,2019-06-01
489,Anne,Garcia,101,64516,2024-03-11
490,Kimberly,Mcmillan,104,63745,2024-08-07
491,Mary,Ford,104,101771,2015-07-16
492,Thomas,York,101,101285,2020-10-31
493,Melissa,Ford,104,74021,2018-11-16
494,Billy,Hartman,101,69107,2017-09-19
495,Nicholas,Villanueva,105,55437,2024-10-30
496,Charles,King,103,85478,2025-03-25
497,Brittany,Fowler,104,92182,2021-09-02
498,Elizabeth,Long,105,75381,2020-04-01
499,Samantha,Bailey,102,104890,2024-06-03
500,Carrie,Hernandez,103,87910,2016-08-23
501,Curtis,Jones,101,53059,2023-03-23
502,Alan,Logan,105,94751,2018-07-29
503,Shannon,Ford,102,98865,2016-06-29
504,Cody,Sharp,104,85854,2015-06-12
505,William,Jones,105,87084,2023-11-22
506,Joy,Daniels,102,100267,2016-10-29
507,Haley,Huynh,101,108897,2022-11-17
508,Tamara,Nelson,104,56092,2017-02-13
509,Thomas,Strickland,102,89361,2016-04-01
510,Daniel,Gilmore,105,74220,2020-07-15
511,Alan,Allen,101,86320,2021-06-23
512,Michelle,Haley,102,82438,2018-09-16
513,Loretta,Warner,105,47614,2020-12-16
514,Meghan,Meyers,102,52930,2017-07-15
515,Alison,Navarro,105,79729,2023-06-17
516,Francisco,Jones,105,49819,2021-02-08
517,Jonathan,Howard,104,108293,2022-04-05
518,Joshua,Jordan,101,42490,2020-03-26
519,Amber,Graves,104,65646,2018-06-09
520,Carrie,Thomas,101,112359,2015-10-09
521,Kristen,Nguyen,102,116302,2020-04-30
522,Jimmy,Smith,101,59505,2021-02-20
523,Adam,Morales,101,102533,2016-11-16
524,Dustin,Knox,103,109905,2021-01-10
525,Randall,Aguilar,103,60742,2020-03-07
526,Mark,Shaffer,104,48196,2016-02-27
527,Robert,Stark,105,107847,2023-02-05
528,Dawn,Miller,105,48896,2020-07-21
529,Dalton,Barajas,104,84352,2020-03-05
530,Vanessa,Vasquez,102,67524,2023-09-23
531,Mary,Williams,105,117016,2015-08-05
532,Olivia,Flores,103,93510,2016-08-15
533,Shannon,Miller,102,117225,2019-02-24
534,Patricia,Gates,101,75863,2018-03-02
535,Anthony,Williams,104,41614,2016-08-02
536,Samuel,Ferguson,101,55033,2023-11-02
537,Yvette,Chavez,101,67005,2020-06-25
538,Amy,Martin,101,66640,2015-09-04
539,Luis,Sharp,104,85889,2021-11-16
540,Kristen,Lewis,105,82106,2019-09-04
541,Jeffrey,Mullins,101,48848,2018-08-09
542,Michael,Scott,102,99232,2019-03-17
543,Jerry,Donaldson,101,113776,2017-03-03
544,Joseph,Bennett,103,46466,2025-04-23
545,Shelby,Jackson,105,91213,2015-07-01
546,Brian,Jefferson,102,52452,2017-12-30
547,Cody,Hunt,104,54069,2015-05-14
548,Elizabeth,French,102,78298,2023-02-26
549,James,Carpenter,105,40228,2016-03-03
550,Rhonda,Howard,102,71456,2018-12-18
551,Jamie,Smith,104,99736,2021-05-24
552,Sylvia,Price,101,92576,2018-09-30
553,Jessica,Suarez,103,118528,2022-01-30
554,Daniel,Mosley,101,104894,2019-09-02
555,Manuel,Davis,102,111663,2022-10-07
556,Brandon,Phillips,101,112850,2019-03-19
557,Emily,Johnson,104,56229,2022-09-22
558,Megan,Johnston,105,90345,2016-08-13
559,Benjamin,Torres,101,92086,2024-02-14
560,Alyssa,Horn,103,50200,2025-01-16
561,Bernard,Sherman,102,61041,2023-10-15
562,Jessica,Davis,104,64165,2015-06-14
563,Anita,Powers,101,88573,2016-07-01
564,David,Anderson,102,85509,2016-03-30
565,Jared,Castillo,101,42355,2020-10-30
566,Kayla,Jones,104,112552,2023-07-17
567,Kristen,Ford,102,115661,2017-01-08
568,Dana,Matthews,104,58722,2023-04-12
569,Jacqueline,Hart,101,70167,2017-07-09
570,Eric,Serrano,105,84196,2017-05-02
571,James,West,104,107963,2016-10-29
572,Thomas,Martin,102,47407,2017-02-16
573,Samuel,Gomez,102,67646,2018-12-04
574,Brittany,Pearson,103,64105,2016-11-01
575,Sara,Gray,104,78880,2022-03-24
576,Nathan,Bennett,104,87598,2020-06-21
577,David,Barr,103,113129,2016-11-01
578,Darrell,Watson,104,100842,2016-09-11
579,Sophia,Wall,101,100699,2016-07-29
580,Lori,Carr,101,41179,2022-09-04
581,Peter,Knight,104,118270,2019-07-05
582,Lisa,Thomas,101,75178,2020-01-25
583,Christopher,Rollins,104,57285,2022-05-22
584,Todd,Montgomery,103,44148,2017-07-26
585,Mark,Vincent,105,69266,2023-05-15
586,Thomas,Roy,103,84779,2015-07-30
587,James,Olson,104,100032,2017-01-18
588,Samuel,Landry,101,80157,2019-07-17
589,Katie,Whitehead,105,109934,2015-11-09
590,Kelly,Black,105,45487,2019-07-09
591,Sophia,James,102,114389,2024-02-26
592,Michelle,Brown,102,100717,2023-11-07
593,Joe,Perry,102,40419,2021-01-18
594,Stephen,Young,103,119391,2019-03-25
595,Eric,Fowler,105,56602,2022-01-15
596,Olivia,Fields,105,41877,2021-02-01
597,Stephanie,Howard,105,100225,2016-12-27
598,Kristopher,Gilbert,105,109636,2016-01-23
599,Barbara,Curtis,102,60939,2018-06-07
600,Alec,Lopez,101,73542,2024-03-19
601,Rebecca,Buchanan,104,54788,2017-05-21
602,Brian,Shea,102,40811,2016-12-24
603,Susan,Thomas,101,78079,2020-06-05
604,William,Gonzalez,104,96514,2023-03-04
605,Jonathan,Alvarado,104,70070,2024-07-24
606,Ryan,Adams,105,80662,2023-09-24
607,John,Villegas,101,99687,2020-09-29
608,Evan,Weaver,102,51769,2019-05-16
609,Lindsay,Espinoza,102,106051,2017-06-18
610,Taylor,Lynch,104,63698,2020-02-15
611,Travis,Soto,103,42261,2023-09-02
612,Nicole,Garcia,103,53613,2023-04-07
613,Kristen,Bennett,103,56982,2015-05-08
614,James,Anderson,103,84718,2018-06-04
615,Jeffrey,Jones,103,62302,2025-02-22
616,Shannon,Long,103,85967,2018-03-14
617,William,Whitney,103,45957,2020-12-07
618,Catherine,Wyatt,104,97247,2020-03-13
619,Kevin,Clark,104,63449,2024-08-14
620,Spencer,Gould,101,63999,2021-07-23
621,Tony,Shannon,104,63225,2019-11-27
622,Cynthia,Hughes,104,103442,2018-08-29
623,Dawn,Barton,102,76284,2018-03-11
624,Jason,Phillips,102,60064,2023-01-01
625,Robert,Rose,105,112385,2021-05-14
626,Regina,Wong,101,87755,2023-10-27
627,Billy,Burke,105,100401,2017-08-07
628,Cristian,Peterson,101,95469,2024-12-08
629,James,Cortez,102,70899,2021-08-16
630,Taylor,Rodriguez,103,63105,2017-02-27
631,Brittany,Day,103,44907,2018-12-28
632,Kristin,White,101,68280,2018-01-04
633,Linda,Wang,102,103154,2020-06-23
634,Colleen,Sanchez,102,100159,2024-12-25
635,Bryan,Valenzuela,103,109179,2021-12-05
636,Ann,Wolfe,103,108144,2018-10-04
637,Jeffrey,Griffin,105,61211,2016-05-08
638,William,Williams,105,82816,2022-02-19
639,Oscar,Pena,102,113864,2023-01-30
640,Angelica,Wilkerson,104,115471,2017-12-16
641,Kristie,Smith,101,104630,2018-09-23
642,Jessica,Hartman,104,93775,2022-12-12
643,Sierra,Walker,102,101848,2022-06-05
644,Nathan,Schmidt,105,44982,2015-12-23
645,Brett,Ortiz,102,69612,2023-01-16
646,Wendy,Hughes,105,106535,2021-04-22
647,Adam,Lee,102,83702,2020-10-07
648,Amy,Garcia,101,100097,2023-10-21
649,Michael,Simmons,104,52485,2018-05-20
650,Melanie,Gilbert,104,90919,2016-06-30
651,Daniel,Gross,103,46481,2020-12-29
652,Christopher,Williams,101,107308,2017-10-05
653,Daniel,Ruiz,101,76425,2018-11-23
654,James,Young,103,107922,2015-08-14
655,Bethany,Marshall,101,112643,2021-04-04
656,Steven,Thomas,104,41279,2018-02-10
657,Joseph,Schneider,101,45500,2016-01-12
658,Nicholas,Terry,105,64077,2018-05-31
659,Lisa,Martinez,102,53795,2016-10-19
660,Sabrina,Brady,102,119113,2020-09-25
661,Rose,Holt,101,57647,2019-09-19
662,Maria,Hartman,105,53879,2020-04-05
663,Jason,Palmer,103,83195,2024-11-29
664,Carl,Dominguez,102,69990,2022-09-18
665,Kelli,Oliver,103,114657,2016-06-02
666,Jason,Lamb,105,86773,2021-11-27
667,Jared,Richard,101,68357,2024-04-02
668,Nicholas,Lopez,104,58266,2015-11-22
669,Matthew,West,101,110001,2015-12-15
670,Carol,Price,105,110255,2019-01-13
671,Jeff,Willis,104,40707,2019-06-24
672,Joseph,Cowan,104,91415,2018-06-17
673,Joseph,Smith,104,115771,2019-01-26
674,Kimberly,Copeland,104,62625,2020-08-26
675,Melanie,Hill,104,79298,2019-12-13
676,Chad,Brown,101,52397,2018-04-24
677,Joseph,Hurley,101,76768,2019-06-06
678,Amber,Daniels,102,108739,2019-05-19
679,Sophia,Lopez,101,119380,2016-02-13
680,Keith,Jackson,101,41601,2017-12-17
681,Ashley,Hardy,105,44966,2021-02-26
682,Brian,Schmidt,104,60291,2019-10-19
683,Frank,Christensen,101,46091,2018-08-31
684,Mary,Morgan,103,93883,2023-03-28
685,Cindy,Harris,102,112637,2021-05-16
686,Ethan,Vazquez,101,61390,2022-11-26
687,Gina,Castillo,104,51542,2023-05-02
688,Hayley,Mitchell,102,86407,2022-10-12
689,Zachary,Gray,104,84803,2024-06-13
690,Stephen,Rubio,105,78397,2019-11-25
691,Nicole,Harris,105,93142,2022-11-13
692,Hunter,Rush,101,95887,2018-02-27
693,Sara,Harmon,105,59886,2016-06-11
694,Kimberly,Moore,103,50089,2023-09-12
695,Anthony,Cook,102,117794,2024-01-31
696,Sean,Ball,105,52641,2016-03-04
697,Christopher,Webb,101,114274,2019-12-03
698,Anna,Thompson,101,78513,2017-03-16
699,Steven,Robbins,105,108666,2017-12-30
700,Patricia,Conway,102,61676,2017-09-03
701,Alejandro,Phillips,103,111211,2018-08-22
702,Kevin,Jackson,105,60168,2020-07-22
703,Lisa,Li,101,49645,2020-04-19
704,Ralph,Brady,103,49823,2015-12-17
705,Brett,Banks,105,107324,2024-01-09
706,Mark,Mathis,103,103186,2019-09-29
707,Chris,Rivera,102,84804,2015-04-25
708,Sheila,Flores,101,79310,2024-03-02
709,Ashley,Figueroa,103,113011,2023-05-16
710,Michael,Fischer,104,68200,2021-02-07
711,Erin,Jimenez,104,93390,2017-01-10
712,Debra,Vasquez,102,47248,2021-06-23
713,Tonya,Young,103,68489,2023-04-07
714,Phyllis,Wells,105,83298,2018-03-02
715,Barbara,Taylor,104,82259,2016-01-25
716,Theresa,Patterson,103,90134,2017-11-20
717,Emily,Weber,103,58475,2023-12-03
718,Nicole,Collins,101,98358,2017-07-11
719,Christopher,Marquez,103,71210,2016-04-01
720,Madison,Trujillo,101,91010,2019-07-11
721,Alicia,Vargas,102,102476,2019-09-29
722,Jaime,Graham,101,69598,2018-09-13
723,Angela,Dorsey,102,48442,2018-03-17
724,Brandi,Simon,101,104066,2020-06-19
725,Paul,Woods,102,92215,2020-02-17
726,Mary,Anderson,104,99982,2024-06-15
727,Todd,Woods,105,53743,2022-05-08
728,Steven,Ryan,105,88386,2019-06-08
729,Donna,Parker,103,108012,2021-10-12
730,Daniel,Bartlett,103,86826,2017-09-09
731,Erika,Matthews,101,82035,2021-04-22
732,Ann,Allen,102,111264,2019-01-18
733,Rickey,Kelly,102,99849,2016-07-23
734,Kimberly,Ray,103,75872,2017-09-06
735,Eric,York,105,113598,2024-05-23
736,Mikayla,Vang,103,97318,2019-11-22
737,Logan,Brown,104,88494,2018-07-09
738,Walter,Davis,101,111669,2023-07-20
739,Brent,Hubbard,103,92182,2018-02-14
740,Sarah,Anthony,101,56112,2019-06-20
741,Carrie,Bird,103,91595,2016-09-30
742,Kathleen,Martinez,102,104083,2017-06-01
743,Elizabeth,Castillo,105,62211,2018-06-18
744,James,Cunningham,101,112290,2024-10-25
745,Audrey,Montgomery,103,98211,2022-10-17
746,Lisa,Nichols,101,97368,2022-08-30
747,Melanie,Kim,101,50974,2018-05-07
748,Jeffrey,Campbell,102,89797,2015-07-20
749,Tammy,Mcgee,103,79564,2020-06-03
750,Charlene,Wilson,105,47158,2021-03-17
751,Kaitlyn,Thomas,103,117924,2016-03-23
752,Diane,Doyle,102,48508,2017-01-15
753,Thomas,Charles,105,98587,2019-02-06
754,Brittany,White,103,46419,2018-05-05
755,Samuel,Lane,105,105517,2024-08-07
756,Toni,Green,101,109324,2021-11-10
757,Kenneth,Gonzalez,105,67259,2016-09-28
758,Kiara,Guerrero,104,76166,2021-01-09
759,Rhonda,Matthews,103,97627,2017-05-07
760,Danielle,Rodriguez,102,92152,2019-09-22
761,Michael,Garcia,101,68051,2025-01-29
762,Michael,Guzman,104,82026,2015-10-14
763,Jack,Black,102,65412,2022-02-20
764,Kenneth,Taylor,104,83253,2020-11-13
765,Omar,Smith,103,104120,2021-05-15
766,Melissa,Davis,103,61230,2020-11-10
767,Larry,Richardson,102,60162,2022-02-22
768,Stephen,Rodriguez,105,53575,2022-09-05
769,Adrian,Estrada,105,63761,2019-10-13
770,Samuel,Trujillo,102,98099,2022-07-08
771,James,Gutierrez,105,70280,2022-04-15
772,John,Wilcox,103,93519,2021-01-18
773,Joshua,Gross,103,83011,2016-11-24
774,Jared,Morris,102,114290,2016-11-14
775,Danielle,Cox,103,67565,2019-10-08
776,Brendan,Harrington,101,44380,2016-01-10
777,Brandy,Summers,101,101590,2023-07-09
778,John,Thompson,104,117401,2015-07-03
779,Andrea,Fernandez,102,54652,2019-08-13
780,Joshua,Randall,101,119662,2024-08-15
781,Michelle,White,104,107216,2020-06-21
782,Brandon,Carpenter,104,76210,2021-01-04
783,Brian,Perez,102,63170,2016-02-14
784,Larry,Watson,101,100680,2016-11-20
785,Allison,Nelson,101,101384,2018-01-18
786,Walter,Elliott,103,102383,2017-10-13
787,Danielle,Hamilton,105,68715,2024-09-02
788,Frank,Wilson,105,51595,2015-11-14
789,Amy,Davis,103,40155,2017-03-09
790,David,Scott,102,97441,2016-01-08
791,Ashley,Thornton,105,112612,2020-06-29
792,Bradley,Jenkins,103,79921,2021-12-29
793,Mitchell,Harvey,102,109978,2022-09-05
794,Rita,Turner,102,115571,2016-07-11
795,Tonya,Welch,102,45569,2020-12-17
796,Chloe,Russell,102,98248,2015-11-14
797,Martin,Garcia,104,43556,2025-04-15
798,Paul,Gutierrez,105,100452,2025-02-19
799,Elizabeth,Pearson,102,80694,2015-12-25
800,Adam,Stewart,104,71090,2019-09-08
801,Brian,Lin,105,58699,2021-03-27
802,Sharon,Walters,102,108951,2018-09-28
803,David,Stanley,105,107747,2022-10-17
804,Sergio,Strong,104,103653,2017-05-21
805,Michael,Silva,105,72555,2015-12-25
806,Erik,Williams,101,44284,2016-07-02
807,Michael,Hicks,102,47241,2020-06-24
808,Derek,Velasquez,101,83137,2017-07-21
809,Justin,Smith,103,119031,2024-04-23
810,Monique,Mcgee,104,66128,2019-09-08
811,Micheal,Avila,105,80208,2019-09-01
812,Hailey,Velasquez,101,99713,2024-10-27
813,John,Nunez,101,110141,2025-04-11
814,Christine,Harrell,103,105823,2021-09-19
815,Judy,Brennan,105,118321,2022-09-16
816,Timothy,Payne,105,91189,2018-05-04
817,Leah,Long,102,117764,2020-12-09
818,Connie,Foster,105,41033,2016-06-01
819,Stephen,Burgess,103,113619,2016-12-23
820,Steven,Long,105,116265,2018-08-07
821,Regina,Solis,103,72673,2021-06-29
822,David,Acevedo,103,87275,2021-03-20
823,Jeffrey,Mason,105,90292,2016-11-03
824,Elizabeth,Potts,102,56075,2017-06-15
825,Natasha,Winters,102,77285,2023-05-30
826,Jennifer,Howe,101,107206,2024-07-06
827,Anthony,Olson,103,56266,2022-06-15
828,Andrew,Villa,101,108936,2020-04-16
829,Wendy,Hickman,102,113023,2018-05-30
830,Larry,Jacobs,104,85544,2018-08-08
831,Derek,May,103,98861,2024-07-24
832,Wayne,Griffin,105,111571,2018-01-15
833,Christopher,Lawrence,102,111319,2021-02-15
834,Carrie,Duncan,105,76903,2024-09-12
835,Emily,Parrish,102,78321,2023-07-25
836,Christopher,Lee,101,87363,2019-12-26
837,Kathryn,Stanton,105,113250,2016-10-31
838,Donald,May,102,58105,2016-12-22
839,Jennifer,Bates,101,90948,2019-08-18
840,Jacob,Adams,103,50166,2018-04-04
841,Russell,Garcia,104,113705,2022-03-21
842,Kenneth,Brown,102,55369,2015-07-08
843,Wanda,Cook,102,82613,2021-11-25
844,James,Moore,102,70100,2024-04-16
845,Darryl,Vincent,101,67973,2020-12-24
846,Nicholas,Black,104,86257,2023-10-10
847,Amber,Johnson,102,119093,2024-08-22
848,Alyssa,Ferguson,101,61969,2016-12-16
849,Angela,York,103,103195,2018-08-20
850,Sarah,Mitchell,102,89173,2021-04-23
851,Christina,Potts,102,73028,2022-07-04
852,Stacey,Ramirez,105,106716,2016-07-03
853,Cheryl,Parks,103,103983,2019-03-04
854,Amber,Kelly,104,47726,2023-06-05
855,Valerie,Young,105,83536,2024-10-14
856,Austin,Wilkerson,105,87636,2017-06-08
857,Steven,Ray,103,83067,2021-10-14
858,Paul,Steele,102,52172,2018-04-21
859,Daniel,Patel,102,41871,2017-03-30
860,Madison,Hernandez,102,40893,2019-07-08
861,Kevin,Jensen,103,92525,2016-09-22
862,Tyler,Lyons,105,83016,2023-07-20
863,Tim,Sullivan,101,46590,2018-04-12
864,Cindy,Norman,105,107911,2024-06-14
865,Patricia,Parker,101,110523,2015-05-25
866,Alejandro,Nelson,101,68643,2015-12-16
867,Brittney,Hinton,104,116942,2022-01-27
868,Katherine,Newman,103,69743,2018-03-03
869,Jessica,Ward,103,57143,2018-11-13
870,Johnny,Cook,105,71449,2021-03-29
871,Maria,Hill,103,79629,2022-11-21
872,Jason,Reese,104,61084,2022-08-31
873,Shawn,Mitchell,101,49197,2023-04-10
874,Eric,Cabrera,105,48893,2018-11-06
875,Brandon,Hall,104,79792,2017-10-19
876,Danielle,Holden,103,113788,2016-08-21
877,Matthew,Duncan,104,57838,2017-03-23
878,Michael,Cole,104,43386,2018-11-20
879,Maurice,Hudson,102,67035,2018-09-18
880,Tracy,Clements,105,75164,2019-01-31
881,Nicholas,Bell,105,57360,2019-12-30
882,Alexandra,Mejia,105,74092,2019-07-28
883,Michael,Goodwin,105,80043,2016-05-13
884,Daniel,Ho,105,51193,2021-08-06
885,Maria,Murphy,101,95130,2023-06-22
886,Jennifer,Hughes,103,117424,2018-03-25
887,Claudia,Thomas,102,79254,2023-10-01
888,Sheila,Mccormick,102,88695,2022-01-04
889,Frank,Harrison,105,89060,2015-09-28
890,Tim,Moss,101,107599,2024-02-14
891,Stanley,Palmer,102,101604,2020-10-14
892,Kevin,Orozco,101,81894,2018-01-11
893,Danny,Ingram,104,42874,2017-08-16
894,Amy,Reid,102,78137,2024-08-03
895,Bridget,Hanna,103,58370,2023-11-09
896,Michael,Mcconnell,104,92054,2023-02-09
897,Timothy,Gutierrez,104,117618,2018-10-13
898,Benjamin,Craig,105,100907,2019-04-26
899,Anthony,Smith,105,58401,2022-08-19
900,Cole,Hall,105,82653,2020-12-27
901,Kathleen,Orr,102,112402,2023-12-14
902,Brendan,Parsons,105,74942,2021-12-25
903,Adrian,Cook,102,98577,2023-05-31
904,Michelle,Todd,105,108184,2023-12-29
905,Abigail,Patel,103,70885,2017-12-15
906,William,Escobar,103,86016,2018-06-30
907,Crystal,Porter,104,119386,2024-09-28
908,Benjamin,Jimenez,103,70707,2019-12-26
909,Walter,Campos,103,57988,2016-01-11
910,Anthony,Weber,102,87837,2023-11-04
911,Deborah,Martinez,105,44979,2024-09-16
912,Adrian,Evans,105,103444,2015-10-09
913,Jennifer,Fritz,104,62461,2017-04-17
914,James,Coleman,105,97180,2018-05-25
915,Thomas,Rasmussen,103,42478,2024-09-12
916,Stacey,Edwards,105,46805,2021-12-05
917,Daniel,Garza,104,103558,2016-09-27
918,Marie,Gamble,101,61807,2021-08-04
919,Shawn,Townsend,102,93864,2019-08-17
920,Andrew,Thompson,104,104277,2025-01-22
921,Christopher,Combs,102,108273,2023-02-05
922,Jackie,Jones,102,115336,2020-05-21
923,Kenneth,Fletcher,105,119884,2015-10-09
924,Michael,White,103,103220,2022-12-09
925,Gary,Taylor,102,79337,2019-01-12
926,Jessica,Schneider,105,43419,2019-02-27
927,William,Davidson,104,78643,2024-05-19
928,Lori,Wood,102,105040,2017-06-11
929,Megan,Rodriguez,103,67499,2015-08-31
930,Jerry,Shepherd,102,69012,2023-12-03
931,Rebecca,Guerrero,102,73984,2017-11-24
932,Katherine,White,104,96430,2024-10-13
933,Jennifer,Wilson,102,72427,2017-08-28
934,Carla,Johnson,105,105408,2015-11-17
935,Katelyn,Taylor,102,110484,2019-07-10
936,Kenneth,Klein,102,51119,2017-05-14
937,Jean,Alexander,105,55036,2015-07-10
938,Duane,Waters,104,111799,2023-01-03
939,John,Harvey,101,108787,2025-01-14
940,Brian,Owens,105,92506,2015-05-22
941,Matthew,Gould,104,110933,2022-12-15
942,Jennifer,Dalton,103,65778,2022-04-28
943,Rachel,Smith,104,58181,2021-02-03
944,Jenna,Wade,102,80128,2018-07-31
945,David,Steele,101,83733,2016-05-13
946,Lori,Lewis,103,105027,2019-03-19
947,Alexis,Phillips,101,93411,2015-07-28
948,Amber,Gomez,101,49232,2017-06-16
949,David,Lambert,101,42116,2016-12-18
950,Megan,Bell,105,72215,2016-07-14
951,David,Allen,103,54096,2024-03-03
952,Courtney,Chandler,104,101338,2021-06-09
953,Linda,Quinn,105,119489,2021-07-07
954,Kevin,Adams,104,105651,2021-07-29
955,Joshua,Rodriguez,101,61136,2024-07-20
956,Lisa,Thompson,103,110426,2018-01-06
957,Matthew,Dennis,101,83042,2016-04-06
958,Stephen,Marshall,102,96917,2020-05-02
959,Bethany,Bennett,104,115072,2018-03-04
960,Jeremy,White,103,79816,2019-06-27
961,Melissa,Long,101,109540,2021-04-01
962,Daniel,Bell,104,69177,2017-11-27
963,Donna,Garcia,104,107237,2021-01-28
964,Derrick,Randolph,101,112744,2016-12-04
965,Andrea,Levy,104,79145,2023-12-06
966,Jerry,Mcknight,105,78239,2024-03-28
967,Laura,Blackburn,105,101595,2016-08-13
968,Jennifer,Wiggins,104,79722,2020-08-20
969,Joshua,Valdez,101,119626,2025-03-06
970,Amy,Howard,103,87397,2022-08-14
971,Alyssa,Rocha,104,89736,2016-12-26
972,Logan,Webb,104,82267,2020-09-24
973,Kimberly,Rivera,101,116048,2023-07-25
974,Andrew,Hayes,104,47621,2018-08-03
975,Natalie,Roberts,105,115591,2017-02-10
976,Jill,Hicks,104,116259,2019-04-01
977,Dana,Waters,103,45412,2021-01-26
978,Cindy,Rosales,102,118735,2018-08-17
979,Reginald,Young,102,56577,2023-07-28
980,Henry,Gonzales,102,68057,2021-10-02
981,Eric,Lyons,102,119891,2020-08-23
982,Alexander,Chen,103,90271,2022-05-30
983,Brandon,Warren,103,92063,2018-08-11
984,Antonio,Howell,104,82800,2022-10-30
985,Alyssa,Novak,105,66173,2018-11-08
986,Christine,Salinas,102,45935,2016-04-22
987,Pamela,Thomas,101,64022,2022-10-20
988,Brian,Green,105,47192,2020-01-05
989,Anthony,Cannon,103,80862,2023-06-01
990,Daniel,Castillo,105,67162,2021-06-03
991,Ashley,Short,104,84081,2022-08-31
992,Donna,Lewis,102,47851,2016-09-13
993,Richard,Mcgee,104,106348,2016-02-06
994,Cindy,Gonzalez,103,94201,2023-09-11
995,Christopher,Barnes,102,106875,2022-05-22
996,Cynthia,Williams,101,92367,2024-01-08
997,Matthew,Nguyen,105,63962,2017-12-31
998,Devin,Bishop,101,66153,2022-03-02
999,Kristin,Gonzalez,105,50304,2019-12-02
1000,Cynthia,Schaefer,104,111934,2019-02-26
