ProjectID,ProjectName,DepartmentID,Budget,StartDate,EndDate
1,Optimize wireless synergies,102,189811,2024-09-28,2026-05-08
2,Transform virtual synergies,103,60971,2023-03-03,2025-06-23
3,Engage next-generation networks,105,83322,2020-09-19,2025-07-11
4,Extend granular vortals,103,176599,2021-01-09,2027-02-03
5,Re-contextualize end-to-end e-tailers,103,271587,2024-02-20,2025-10-18
6,Repurpose visionary relationships,103,229661,2024-09-18,2026-11-10
7,Deliver one-to-one portals,102,232909,2021-09-20,2026-07-19
8,Transition integrated markets,104,417034,2022-04-23,2025-07-22
9,Whiteboard mission-critical e-commerce,104,414318,2020-09-05,2025-08-27
10,Innovate one-to-one users,103,263464,2022-03-20,2026-03-06
11,Aggregate next-generation bandwidth,103,187608,2022-07-18,2025-12-19
12,Synergize magnetic initiatives,102,298089,2023-04-02,2025-06-13
13,Whiteboard magnetic roi,105,162494,2022-09-18,2026-12-10
14,Extend interactive applications,105,465048,2024-01-18,2025-10-20
15,Utilize efficient initiatives,104,88906,2021-07-05,2026-10-30
16,Empower cross-platform e-markets,102,454241,2020-09-09,2027-03-07
17,Scale holistic e-commerce,103,453545,2024-07-11,2026-05-20
18,Synthesize value-added deliverables,103,290566,2022-12-30,2027-01-06
19,Expedite visionary markets,102,379252,2024-06-14,2026-01-22
20,Deploy back-end eyeballs,105,200672,2022-01-09,2025-10-18
21,Aggregate 24/365 platforms,104,472214,2022-08-26,2025-08-24
22,Deploy viral users,102,468028,2023-01-03,2025-11-04
23,Target front-end bandwidth,101,436744,2021-12-24,2026-05-11
24,Brand cutting-edge partnerships,105,65001,2024-10-02,2026-07-31
25,Re-contextualize killer methodologies,105,378301,2022-03-04,2026-08-25
26,Enable bleeding-edge content,102,112044,2020-10-26,2026-07-03
27,Syndicate intuitive info-mediaries,102,166973,2022-01-15,2027-01-26
28,Disintermediate 24/365 niches,104,262521,2022-05-02,2026-03-15
29,Empower wireless supply-chains,104,148725,2022-09-23,2026-01-28
30,Re-contextualize out-of-the-box channels,105,336633,2022-05-18,2025-10-05
31,Benchmark transparent systems,105,231857,2025-03-27,2025-09-13
32,Enable global experiences,102,144616,2024-07-02,2025-05-28
33,Disintermediate 24/365 convergence,102,246348,2024-11-13,2027-02-08
34,Unleash real-time web-readiness,102,192751,2024-12-06,2025-09-17
35,Expedite open-source channels,103,210078,2022-01-24,2025-12-11
36,Leverage efficient convergence,104,312261,2022-11-28,2026-12-12
37,Integrate web-enabled technologies,105,492881,2024-01-15,2025-07-17
38,Scale ubiquitous markets,103,303346,2024-06-19,2026-11-28
39,Seize wireless networks,103,365564,2022-10-21,2026-04-21
40,Re-intermediate sticky vortals,105,321001,2023-10-25,2026-05-03
41,Aggregate visionary content,101,289180,2021-12-19,2026-04-24
42,Re-contextualize bricks-and-clicks convergence,103,394678,2021-12-09,2026-06-06
43,Productize granular e-tailers,103,385351,2024-02-01,2026-03-07
44,Re-intermediate world-class mindshare,102,346783,2023-03-06,2026-01-31
45,Cultivate clicks-and-mortar e-commerce,105,166280,2023-10-29,2027-01-13
46,Deploy end-to-end infrastructures,102,329754,2023-12-12,2025-08-24
47,Matrix viral users,103,211459,2025-02-11,2025-10-06
48,Redefine bricks-and-clicks systems,102,13870,2025-02-20,2026-08-28
49,Transform distributed metrics,105,152016,2021-09-15,2026-10-08
50,Drive cutting-edge channels,101,292899,2023-07-26,2025-09-10
51,Syndicate efficient web services,105,322905,2025-03-19,2026-05-19
52,Enable clicks-and-mortar paradigms,103,294371,2023-07-05,2026-01-14
53,Disintermediate ubiquitous deliverables,105,496272,2021-08-09,2027-02-09
54,Re-contextualize plug-and-play e-business,104,416631,2023-04-18,2026-11-27
55,Target b2b e-tailers,105,401341,2021-03-16,2025-10-26
56,Maximize global solutions,103,330311,2024-11-03,2027-02-18
57,Envisioneer interactive interfaces,104,374417,2024-11-11,2026-09-17
58,Matrix one-to-one methodologies,102,261785,2023-01-16,2026-05-01
59,Scale bleeding-edge eyeballs,104,132526,2020-08-02,2025-09-04
60,Incubate seamless applications,103,12910,2025-03-21,2026-06-26
61,Redefine open-source interfaces,102,485859,2024-03-19,2026-02-06
62,Unleash bleeding-edge channels,102,351103,2021-02-01,2025-11-15
63,Mesh world-class communities,101,451329,2020-07-04,2027-01-16
64,Optimize revolutionary interfaces,104,368054,2022-04-02,2025-10-12
65,Reinvent strategic e-services,103,293223,2020-05-01,2026-01-08
66,Engage scalable partnerships,104,108152,2022-04-21,2026-12-23
67,Incubate leading-edge info-mediaries,105,311687,2024-10-03,2027-02-26
68,Transition frictionless platforms,101,109902,2023-03-24,2026-11-14
69,Engineer bricks-and-clicks e-markets,102,362922,2024-02-15,2026-11-08
70,Scale 24/365 metrics,101,267498,2022-07-29,2026-04-03
71,Empower seamless e-commerce,104,458344,2022-05-14,2026-06-18
72,Target virtual functionalities,105,31681,2023-05-12,2026-06-27
73,Re-contextualize back-end platforms,105,341545,2021-11-24,2026-08-07
74,Enhance efficient communities,104,382095,2021-04-14,2025-10-08
75,Incubate killer synergies,104,169448,2021-01-23,2025-09-07
76,Transition revolutionary markets,101,275227,2023-01-23,2027-02-27
77,Utilize synergistic communities,105,318958,2020-12-16,2025-12-21
78,Maximize strategic bandwidth,105,172499,2022-06-22,2025-11-25
79,Maximize innovative solutions,104,59686,2022-09-22,2027-03-11
80,Cultivate ubiquitous vortals,105,492275,2020-12-29,2027-02-03
81,Brand innovative deliverables,102,395018,2024-12-01,2025-06-09
82,Exploit intuitive e-markets,101,157488,2023-11-29,2027-03-12
83,Redefine mission-critical platforms,102,338541,2021-04-20,2026-04-01
84,Empower synergistic schemas,103,342964,2020-06-20,2026-01-16
85,Iterate robust content,103,243363,2024-11-07,2025-09-30
86,Innovate leading-edge interfaces,101,41140,2022-03-14,2026-07-02
87,Deliver viral interfaces,105,141785,2021-10-29,2026-10-23
88,Enhance extensible relationships,102,323615,2022-05-19,2025-07-20
89,Empower innovative e-business,102,373202,2023-08-04,2026-12-30
90,Reinvent value-added e-tailers,104,352054,2020-05-20,2026-09-16
91,Expedite dynamic interfaces,102,226997,2021-11-20,2027-04-19
92,Incubate world-class eyeballs,104,159850,2020-11-26,2026-10-17
93,Optimize efficient technologies,105,491393,2021-09-07,2026-06-17
94,Orchestrate virtual initiatives,103,346994,2021-05-14,2026-02-27
95,Embrace impactful content,104,254392,2023-04-28,2027-02-08
96,Re-contextualize mission-critical eyeballs,105,224885,2024-11-04,2025-11-04
97,Harness global initiatives,103,424173,2021-10-31,2027-04-20
98,Productize vertical platforms,103,36471,2025-02-07,2026-09-22
99,Reinvent plug-and-play channels,101,461458,2020-08-23,2026-02-22
100,Enhance cross-platform e-services,105,113571,2024-09-16,2025-05-24
101,Target impactful relationships,101,208077,2020-08-15,2025-09-15
102,Benchmark collaborative synergies,101,251423,2024-01-13,2027-04-03
103,Drive holistic schemas,103,152620,2021-08-07,2027-02-16
104,Cultivate turn-key niches,105,300862,2023-09-27,2025-12-23
105,Streamline magnetic synergies,101,207420,2021-03-15,2026-11-16
106,Syndicate bricks-and-clicks networks,104,164786,2023-01-16,2026-01-24
107,Generate magnetic platforms,103,384299,2020-11-10,2026-05-25
108,Re-contextualize dot-com mindshare,101,25723,2021-12-25,2025-06-25
109,Leverage holistic info-mediaries,102,238177,2022-05-27,2026-05-25
110,Engage scalable functionalities,101,44548,2023-07-02,2025-07-10
111,Deliver killer schemas,104,87058,2023-04-22,2027-03-26
112,Morph virtual convergence,102,246344,2020-09-19,2026-04-11
113,Optimize robust platforms,105,255910,2023-03-28,2026-07-12
114,Strategize e-business technologies,104,454920,2025-01-12,2025-12-01
115,Monetize viral web services,103,105083,2021-04-05,2025-06-24
116,Synthesize cross-platform networks,101,134843,2020-05-02,2026-10-12
117,Implement open-source applications,103,355467,2022-09-23,2025-09-26
118,Visualize clicks-and-mortar e-business,102,102800,2021-04-28,2027-03-30
119,Scale global web-readiness,102,451464,2023-06-18,2026-09-22
120,Morph holistic bandwidth,103,460640,2021-11-16,2026-03-07
121,Integrate visionary e-markets,104,270985,2025-04-05,2026-05-16
122,Synthesize clicks-and-mortar deliverables,101,476061,2024-02-27,2026-02-17
123,Expedite world-class supply-chains,102,205937,2020-09-05,2025-12-13
124,Leverage holistic partnerships,104,109087,2023-02-18,2025-07-01
125,Redefine next-generation initiatives,104,428944,2024-07-27,2025-11-06
126,E-enable 24/7 experiences,103,449245,2021-05-26,2025-10-30
127,Integrate robust users,101,251731,2023-10-01,2026-12-08
128,Repurpose dynamic convergence,102,286339,2024-01-12,2025-06-22
129,Engage global experiences,104,340943,2025-03-25,2026-01-16
130,Enhance compelling eyeballs,103,421387,2020-11-29,2025-07-28
131,E-enable mission-critical roi,103,334697,2021-10-03,2026-09-04
132,Embrace rich partnerships,104,167503,2023-02-09,2026-02-20
133,Incubate web-enabled schemas,103,363635,2023-06-22,2026-07-12
134,Whiteboard efficient bandwidth,104,73041,2020-10-21,2026-01-07
135,Envisioneer seamless experiences,101,75626,2020-05-25,2025-05-01
136,Expedite e-business users,103,425075,2024-05-23,2025-08-17
137,Seize value-added content,104,104480,2024-01-07,2025-06-20
138,Expedite distributed vortals,104,27494,2024-03-26,2026-08-12
139,Benchmark vertical functionalities,104,132628,2025-01-18,2026-01-06
140,Visualize b2b initiatives,102,436846,2024-07-26,2025-12-23
141,Synthesize collaborative e-services,102,304290,2024-11-29,2026-10-28
142,Benchmark proactive interfaces,102,251564,2021-10-19,2027-02-04
143,Reinvent end-to-end metrics,104,137339,2022-04-05,2027-01-24
144,Engineer value-added partnerships,101,211801,2022-12-10,2027-02-19
145,Orchestrate bricks-and-clicks mindshare,101,331383,2024-05-30,2026-11-12
146,Mesh impactful networks,103,373375,2021-02-11,2026-09-13
147,Transform clicks-and-mortar convergence,105,118097,2020-09-03,2025-07-18
148,Evolve dynamic content,103,99673,2024-04-09,2027-04-23
149,Envisioneer clicks-and-mortar channels,102,257496,2025-01-22,2027-03-14
150,Visualize one-to-one initiatives,104,127538,2022-11-24,2026-10-24
151,Evolve transparent info-mediaries,103,334561,2024-05-16,2025-09-20
152,Deploy customized systems,104,213909,2024-12-15,2025-08-10
153,Synthesize open-source bandwidth,103,108535,2022-01-04,2025-05-16
154,Syndicate end-to-end models,103,32341,2022-01-06,2026-06-27
155,Transform efficient vortals,103,126449,2024-10-18,2026-07-15
156,Revolutionize holistic roi,103,212573,2021-11-13,2027-03-28
157,Deploy vertical schemas,105,153050,2022-06-02,2026-09-15
158,Re-intermediate viral convergence,101,121975,2021-05-20,2025-04-27
159,Brand compelling synergies,101,227896,2023-08-05,2026-04-03
160,Repurpose visionary solutions,103,209534,2021-01-09,2025-05-25
161,Deliver leading-edge eyeballs,103,93294,2022-07-12,2025-12-12
162,Redefine viral info-mediaries,105,262987,2022-04-08,2026-04-27
163,Streamline scalable markets,105,102246,2025-02-11,2026-07-22
164,Transform distributed channels,103,206713,2023-03-13,2026-06-07
165,Engage dynamic architectures,102,193239,2021-10-29,2026-04-22
166,Engage wireless users,103,118356,2023-01-25,2026-09-24
167,Optimize front-end bandwidth,101,472942,2024-06-24,2026-09-25
168,Transform virtual vortals,101,146952,2023-08-05,2026-12-13
169,Deploy back-end technologies,104,431578,2021-07-27,2026-06-05
170,Visualize ubiquitous infrastructures,105,234525,2021-05-05,2025-05-21
171,Expedite bleeding-edge architectures,103,318581,2024-01-29,2027-01-15
172,Enhance leading-edge paradigms,103,53883,2021-03-21,2025-09-08
173,Repurpose open-source synergies,105,303194,2020-09-04,2025-08-16
174,Deploy impactful convergence,105,37335,2024-01-25,2026-10-03
175,Re-intermediate enterprise mindshare,102,353086,2024-11-03,2026-11-24
176,Empower killer schemas,104,213311,2023-08-03,2026-11-20
177,Enable cutting-edge relationships,101,201457,2023-09-03,2025-12-21
178,Benchmark bricks-and-clicks solutions,105,405000,2022-04-08,2025-05-01
179,Transition visionary mindshare,104,35122,2021-02-21,2026-10-11
180,Synergize viral metrics,101,236419,2024-09-29,2026-07-21
181,Transition open-source web services,104,258164,2024-05-19,2025-04-28
182,Innovate ubiquitous architectures,105,329965,2024-08-23,2027-03-01
183,Innovate rich e-markets,101,22230,2023-11-03,2027-03-22
184,Utilize proactive platforms,104,143589,2020-12-25,2026-09-13
185,Expedite e-business e-services,104,306336,2023-11-16,2026-05-05
186,Deliver impactful systems,102,455679,2022-02-16,2025-09-11
187,Visualize dynamic systems,104,293029,2023-05-05,2026-01-28
188,E-enable synergistic partnerships,101,347534,2023-11-15,2026-01-07
189,Visualize integrated methodologies,102,385583,2022-09-19,2025-07-29
190,Aggregate value-added content,105,185305,2024-11-27,2026-10-19
191,Drive leading-edge partnerships,102,101483,2024-01-04,2026-12-07
192,Generate clicks-and-mortar schemas,103,30649,2022-12-29,2027-01-29
193,Monetize robust e-markets,101,275312,2022-09-28,2026-12-26
194,Visualize wireless networks,102,346580,2021-01-01,2026-05-27
195,Facilitate 24/7 e-commerce,103,201758,2022-07-13,2025-04-24
196,Exploit transparent niches,101,422113,2025-01-11,2025-07-20
197,Transform efficient web-readiness,104,230871,2023-09-27,2026-01-23
198,Synthesize vertical relationships,105,373223,2020-06-18,2026-06-04
199,Exploit 24/7 initiatives,105,73696,2021-12-04,2026-02-25
200,Maximize integrated vortals,102,347527,2022-04-30,2026-03-21
